#pragma once
#include <stdint.h>

#define LOGO_TCA_WIDTH  80
#define LOGO_TCA_HEIGHT 80

// TRUE_COLOR_ALPHA format: [RGB565_LO, RGB565_HI, ALPHA] per pixel
// Converted from RGB565A8 by rgb565a8_to_tca.py
static const uint8_t logo_tca_data[19200] = {
    0xFF, 0xFF, 0x00, 0xFF, 0xFF, 0x00, 0xFF, 0xFF, 0x00, 0xFF, 0xFF, 0x00, 0xFF, 0xFF, 0x00, 0xFF,
    0xFF, 0x00, 0xFF, 0xFF, 0x00, 0xFF, 0xFF, 0x00, 0xFF, 0xFF, 0x00, 0xFF, 0xFF, 0x00, 0xFF, 0xFF,
    0x00, 0xFF, 0xFF, 0x00, 0xFF, 0xFF, 0x00, 0xFF, 0xFF, 0x00, 0xFF, 0xFF, 0x00, 0xFF, 0xFF, 0x00,
    0xFF, 0xFF, 0x00, 0xFF, 0xFF, 0x00, 0xFF, 0xFF, 0x00, 0xFF, 0xFF, 0x00, 0xFF, 0xFF, 0x00, 0xFF,
    0xFF, 0x00, 0xFF, 0xFF, 0x00, 0xFF, 0xFF, 0x00, 0xFF, 0xFF, 0x00, 0xFF, 0xFF, 0x00, 0xFF, 0xFF,
    0x00, 0xFF, 0xFF, 0x00, 0xFF, 0xFF, 0x00, 0xFF, 0xFF, 0x00, 0xFF, 0xFF, 0x00, 0xFF, 0xFF, 0x00,
    0xFF, 0xFF, 0x00, 0xFF, 0xFF, 0x00, 0xFF, 0xFF, 0x00, 0xFF, 0xFF, 0x00, 0xFF, 0xFF, 0x00, 0xFF,
    0xFF, 0x00, 0xFF, 0xFF, 0x00, 0xFF, 0xFF, 0x00, 0xFF, 0xFF, 0x00, 0xFF, 0xFF, 0x00, 0xFF, 0xFF,
    0x00, 0xFF, 0xFF, 0x00, 0xFF, 0xFF, 0x00, 0xFF, 0xFF, 0x00, 0xFF, 0xFF, 0x00, 0xFF, 0xFF, 0x00,
    0xFF, 0xFF, 0x00, 0xFF, 0xFF, 0x00, 0xFF, 0xFF, 0x00, 0xFF, 0xFF, 0x00, 0xFF, 0xFF, 0x00, 0xFF,
    0xFF, 0x00, 0xFF, 0xFF, 0x00, 0xFF, 0xFF, 0x00, 0xFF, 0xFF, 0x00, 0xFF, 0xFF, 0x00, 0xFF, 0xFF,
    0x00, 0xFF, 0xFF, 0x00, 0xFF, 0xFF, 0x00, 0xFF, 0xFF, 0x00, 0xFF, 0xFF, 0x00, 0xFF, 0xFF, 0x00,
    0xFF, 0xFF, 0x00, 0xFF, 0xFF, 0x00, 0xFF, 0xFF, 0x00, 0xFF, 0xFF, 0x00, 0xFF, 0xFF, 0x00, 0xFF,
    0xFF, 0x00, 0xFF, 0xFF, 0x00, 0xFF, 0xFF, 0x00, 0xFF, 0xFF, 0x00, 0xFF, 0xFF, 0x00, 0xFF, 0xFF,
    0x00, 0xFF, 0xFF, 0x00, 0xFF, 0xFF, 0x00, 0xFF, 0xFF, 0x00, 0xFF, 0xFF, 0x00, 0xFF, 0xFF, 0x00,
    0xFF, 0xFF, 0x00, 0xFF, 0xFF, 0x00, 0xFF, 0xFF, 0x00, 0xFF, 0xFF, 0x00, 0xFF, 0xFF, 0x00, 0xFF,
    0xFF, 0x00, 0xFF, 0xFF, 0x00, 0xFF, 0xFF, 0x00, 0xFF, 0xFF, 0x00, 0xFF, 0xFF, 0x00, 0xFF, 0xFF,
    0x00, 0xFF, 0xFF, 0x00, 0xFF, 0xFF, 0x00, 0xFF, 0xFF, 0x00, 0xFF, 0xFF, 0x00, 0xFF, 0xFF, 0x00,
    0xFF, 0xFF, 0x00, 0xFF, 0xFF, 0x00, 0xFF, 0xFF, 0x00, 0xFF, 0xFF, 0x00, 0xFF, 0xFF, 0x00, 0xFF,
    0xFF, 0x00, 0xFF, 0xFF, 0x00, 0xFF, 0xFF, 0x00, 0xFF, 0xFF, 0x00, 0xFF, 0xFF, 0x00, 0xFF, 0xFF,
    0x00, 0xFF, 0xFF, 0x00, 0xFF, 0xFF, 0x00, 0xFF, 0xFF, 0x00, 0xFF, 0xFF, 0x00, 0xFF, 0xFF, 0x00,
    0xFF, 0xFF, 0x00, 0xFF, 0xFF, 0x00, 0xFF, 0xFF, 0x00, 0xFF, 0xFF, 0x00, 0xFF, 0xFF, 0x00, 0xFF,
    0xFF, 0x00, 0xFF, 0xFF, 0x00, 0xFF, 0xFF, 0x00, 0xFF, 0xFF, 0x00, 0xFF, 0xFF, 0x00, 0xFF, 0xFF,
    0x00, 0xFF, 0xFF, 0x00, 0xFF, 0xFF, 0x00, 0xFF, 0xFF, 0x00, 0xFF, 0xFF, 0x00, 0xFF, 0xFF, 0x00,
    0xFF, 0xFF, 0x00, 0xFF, 0xFF, 0x00, 0xFF, 0xFF, 0x00, 0xFF, 0xFF, 0x00, 0xFF, 0xFF, 0x00, 0xFF,
    0xFF, 0x00, 0xFF, 0xFF, 0x00, 0xFF, 0xFF, 0x00, 0xFF, 0xFF, 0x00, 0xFF, 0xFF, 0x00, 0xFF, 0xFF,
    0x00, 0xFF, 0xFF, 0x00, 0xFF, 0xFF, 0x00, 0xFF, 0xFF, 0x00, 0xFF, 0xFF, 0x00, 0xFF, 0xFF, 0x00,
    0xFF, 0xFF, 0x00, 0xFF, 0xFF, 0x00, 0xFF, 0xFF, 0x00, 0xFF, 0xFF, 0x00, 0xFF, 0xFF, 0x00, 0xFF,
    0xFF, 0x00, 0xFF, 0xFF, 0x00, 0xFF, 0xFF, 0x00, 0xFF, 0xFF, 0x00, 0xFF, 0xFF, 0x00, 0xFF, 0xFF,
    0x00, 0xFF, 0xFF, 0x00, 0xFF, 0xFF, 0x00, 0xFF, 0xFF, 0x00, 0xFF, 0xFF, 0x00, 0xFF, 0xFF, 0x00,
    0xFF, 0xFF, 0x00, 0xFF, 0xFF, 0x00, 0xFF, 0xFF, 0x00, 0xFF, 0xFF, 0x00, 0xFF, 0xFF, 0x00, 0xFF,
    0xFF, 0x00, 0xFF, 0xFF, 0x00, 0xFF, 0xFF, 0x00, 0xFF, 0xFF, 0x00, 0xFF, 0xFF, 0x00, 0xFF, 0xFF,
    0x00, 0xFF, 0xFF, 0x00, 0xFF, 0xFF, 0x00, 0xFF, 0xFF, 0x00, 0xFF, 0xFF, 0x00, 0xFF, 0xFF, 0x00,
    0xFF, 0xFF, 0x00, 0xFF, 0xFF, 0x00, 0xFF, 0xFF, 0x00, 0xFF, 0xFF, 0x00, 0xFF, 0xFF, 0x00, 0xFF,
    0xFF, 0x00, 0xFF, 0xFF, 0x00, 0xFF, 0xFF, 0x00, 0xFF, 0xFF, 0x00, 0xFF, 0xFF, 0x00, 0xFF, 0xFF,
    0x00, 0xFF, 0xFF, 0x00, 0xFF, 0xFF, 0x00, 0xFF, 0xFF, 0x00, 0xFF, 0xFF, 0x00, 0xFF, 0xFF, 0x00,
    0xFF, 0xFF, 0x00, 0xFF, 0xFF, 0x00, 0xFF, 0xFF, 0x00, 0xFF, 0xFF, 0x00, 0xFF, 0xFF, 0x00, 0xFF,
    0xFF, 0x00, 0xFF, 0xFF, 0x00, 0xFF, 0xFF, 0x00, 0xFF, 0xFF, 0x00, 0xFF, 0xFF, 0x00, 0xFF, 0xFF,
    0x00, 0xFF, 0xFF, 0x00, 0xFF, 0xFF, 0x00, 0xFF, 0xFF, 0x00, 0xFF, 0xFF, 0x00, 0xFF, 0xFF, 0x00,
    0xFF, 0xFF, 0x00, 0xFF, 0xFF, 0x00, 0xFF, 0xFF, 0x00, 0xFF, 0xFF, 0x00, 0xFF, 0xFF, 0x00, 0xFF,
    0xFF, 0x00, 0xFF, 0xFF, 0x00, 0xFF, 0xFF, 0x00, 0xFF, 0xFF, 0x00, 0xFF, 0xFF, 0x00, 0xFF, 0xFF,
    0x00, 0xFF, 0xFF, 0x00, 0xFF, 0xFF, 0x00, 0xFF, 0xFF, 0x00, 0xFF, 0xFF, 0x00, 0xFF, 0xFF, 0x00,
    0xFF, 0xFF, 0x00, 0xFF, 0xFF, 0x00, 0xFF, 0xFF, 0x00, 0xFF, 0xFF, 0x00, 0xFF, 0xFF, 0x00, 0xFF,
    0xFF, 0x00, 0xFF, 0xFF, 0x00, 0xFF, 0xFF, 0x00, 0xFF, 0xFF, 0x00, 0xFF, 0xFF, 0x00, 0xFF, 0xFF,
    0x00, 0xFF, 0xFF, 0x00, 0xFF, 0xFF, 0x00, 0xFF, 0xFF, 0x00, 0xFF, 0xFF, 0x00, 0xFF, 0xFF, 0x00,
    0xFF, 0xFF, 0x00, 0xFF, 0xFF, 0x00, 0xFF, 0xFF, 0x00, 0xFF, 0xFF, 0x00, 0xFF, 0xFF, 0x00, 0xFF,
    0xFF, 0x00, 0xFF, 0xFF, 0x00, 0xFF, 0xFF, 0x00, 0xFF, 0xFF, 0x00, 0xFF, 0xFF, 0x00, 0xFF, 0xFF,
    0x00, 0xFF, 0xFF, 0x00, 0xFF, 0xFF, 0x00, 0xFF, 0xFF, 0x00, 0xFF, 0xFF, 0x00, 0xFF, 0xFF, 0x00,
    0xFF, 0xFF, 0x00, 0xFF, 0xFF, 0x00, 0xFF, 0xFF, 0x00, 0xFF, 0xFF, 0x00, 0xFF, 0xFF, 0x00, 0xFF,
    0xFF, 0x00, 0xFF, 0xFF, 0x00, 0xFF, 0xFF, 0x00, 0xFF, 0xFF, 0x00, 0xFF, 0xFF, 0x00, 0xFF, 0xFF,
    0x00, 0xFF, 0xFF, 0x00, 0xFF, 0xFF, 0x00, 0xFF, 0xFF, 0x00, 0xFF, 0xFF, 0x00, 0xFF, 0xFF, 0x00,
    0xFF, 0xFF, 0x00, 0xFF, 0xFF, 0x00, 0xFF, 0xFF, 0x00, 0xFF, 0xFF, 0x00, 0xFF, 0xFF, 0x00, 0xFF,
    0xFF, 0x00, 0xFF, 0xFF, 0x00, 0xFF, 0xFF, 0x00, 0xFF, 0xFF, 0x00, 0xFF, 0xFF, 0x00, 0xFF, 0xFF,
    0x00, 0xFF, 0xFF, 0x00, 0xFF, 0xFF, 0x00, 0xFF, 0xFF, 0x00, 0xFF, 0xFF, 0x00, 0xFF, 0xFF, 0x00,
    0xFF, 0xFF, 0x00, 0xFF, 0xFF, 0x00, 0xFF, 0xFF, 0x00, 0xFF, 0xFF, 0x00, 0xFF, 0xFF, 0x00, 0xFF,
    0xFF, 0x00, 0xFF, 0xFF, 0x00, 0xFF, 0xFF, 0x00, 0xFF, 0xFF, 0x00, 0xFF, 0xFF, 0x00, 0xFF, 0xFF,
    0x00, 0xFF, 0xFF, 0x00, 0xFF, 0xFF, 0x00, 0xFF, 0xFF, 0x00, 0xFF, 0xFF, 0x00, 0xFF, 0xFF, 0x00,
    0xFF, 0xFF, 0x00, 0xFF, 0xFF, 0x00, 0xFF, 0xFF, 0x00, 0xFF, 0xFF, 0x00, 0xFF, 0xFF, 0x00, 0xFF,
    0xFF, 0x00, 0xFF, 0xFF, 0x00, 0xFF, 0xFF, 0x00, 0xFF, 0xFF, 0x00, 0xFF, 0xFF, 0x00, 0xFF, 0xFF,
    0x00, 0xFF, 0xFF, 0x00, 0xFF, 0xFF, 0x00, 0xFF, 0xFF, 0x00, 0xFF, 0xFF, 0x00, 0xFF, 0xFF, 0x00,
    0xFF, 0xFF, 0x00, 0xFF, 0xFF, 0x00, 0xFF, 0xFF, 0x00, 0xFF, 0xFF, 0x00, 0xFF, 0xFF, 0x00, 0xFF,
    0xFF, 0x00, 0xFF, 0xFF, 0x00, 0xFF, 0xFF, 0x00, 0xFF, 0xFF, 0x00, 0xFF, 0xFF, 0x00, 0xFF, 0xFF,
    0x00, 0xFF, 0xFF, 0x00, 0xFF, 0xFF, 0x00, 0xFF, 0xFF, 0x00, 0xFF, 0xFF, 0x00, 0xFF, 0xFF, 0x00,
    0xFF, 0xFF, 0x00, 0xFF, 0xFF, 0x00, 0xFF, 0xFF, 0x00, 0xFF, 0xFF, 0x00, 0xFF, 0xFF, 0x00, 0xFF,
    0xFF, 0x00, 0xFF, 0xFF, 0x00, 0xFF, 0xFF, 0x00, 0xFF, 0xFF, 0x00, 0xFF, 0xFF, 0x00, 0xFF, 0xFF,
    0x00, 0xFF, 0xFF, 0x00, 0xFF, 0xFF, 0x00, 0xFF, 0xFF, 0x00, 0xFF, 0xFF, 0x00, 0xFF, 0xFF, 0x00,
    0xFF, 0xFF, 0x00, 0xFF, 0xFF, 0x00, 0xFF, 0xFF, 0x00, 0xFF, 0xFF, 0x00, 0xFF, 0xFF, 0x00, 0xFF,
    0xFF, 0x00, 0xFF, 0xFF, 0x00, 0xFF, 0xFF, 0x00, 0xFF, 0xFF, 0x00, 0xFF, 0xFF, 0x00, 0xFF, 0xFF,
    0x00, 0xFF, 0xFF, 0x00, 0xFF, 0xFF, 0x00, 0xFF, 0xFF, 0x00, 0xFF, 0xFF, 0x00, 0xFF, 0xFF, 0x00,
    0xFF, 0xFF, 0x00, 0xFF, 0xFF, 0x00, 0xFF, 0xFF, 0x00, 0xFF, 0xFF, 0x00, 0xFF, 0xFF, 0x00, 0xFF,
    0xFF, 0x00, 0xFF, 0xFF, 0x00, 0xFF, 0xFF, 0x00, 0xFF, 0xFF, 0x00, 0xFF, 0xFF, 0x00, 0xFF, 0xFF,
    0x00, 0xFF, 0xFF, 0x00, 0xFF, 0xFF, 0x00, 0xFF, 0xFF, 0x00, 0xFF, 0xFF, 0x00, 0xFF, 0xFF, 0x00,
    0xFF, 0xFF, 0x00, 0xFF, 0xFF, 0x00, 0xFF, 0xFF, 0x00, 0xFF, 0xFF, 0x00, 0xFF, 0xFF, 0x00, 0xFF,
    0xFF, 0x00, 0xFF, 0xFF, 0x00, 0xFF, 0xFF, 0x00, 0xFF, 0xFF, 0x00, 0xFF, 0xFF, 0x00, 0xFF, 0xFF,
    0x00, 0xFF, 0xFF, 0x00, 0xFF, 0xFF, 0x00, 0xFF, 0xFF, 0x00, 0xFF, 0xFF, 0x00, 0xFF, 0xFF, 0x00,
    0xFF, 0xFF, 0x00, 0xFF, 0xFF, 0x00, 0xFF, 0xFF, 0x00, 0xFF, 0xFF, 0x00, 0xFF, 0xFF, 0x00, 0xFF,
    0xFF, 0x00, 0xFF, 0xFF, 0x00, 0xFF, 0xFF, 0x00, 0xFF, 0xFF, 0x00, 0xFF, 0xFF, 0x00, 0xFF, 0xFF,
    0x00, 0xFF, 0xFF, 0x00, 0xFF, 0xFF, 0x00, 0xFF, 0xFF, 0x00, 0xFF, 0xFF, 0x00, 0xFF, 0xFF, 0x00,
    0xFF, 0xFF, 0x00, 0xFF, 0xFF, 0x00, 0xFF, 0xFF, 0x00, 0xFF, 0xFF, 0x00, 0xFF, 0xFF, 0x00, 0xFF,
    0xFF, 0x00, 0xFF, 0xFF, 0x00, 0xFF, 0xFF, 0x00, 0xFF, 0xFF, 0x00, 0xFF, 0xFF, 0x00, 0xFF, 0xFF,
    0x00, 0xFF, 0xFF, 0x00, 0xFF, 0xFF, 0x00, 0xFF, 0xFF, 0x00, 0xFF, 0xFF, 0x00, 0xFF, 0xFF, 0x00,
    0xFF, 0xFF, 0x00, 0xFF, 0xFF, 0x00, 0xFF, 0xFF, 0x00, 0xFF, 0xFF, 0x00, 0xFF, 0xFF, 0x00, 0xFF,
    0xFF, 0x00, 0xFF, 0xFF, 0x00, 0xFF, 0xFF, 0x00, 0xFF, 0xFF, 0x00, 0xFF, 0xFF, 0x00, 0xFF, 0xFF,
    0x00, 0xFF, 0xFF, 0x00, 0xFF, 0xFF, 0x00, 0xFF, 0xFF, 0x00, 0xFF, 0xFF, 0x00, 0xFF, 0xFF, 0x00,
    0xFF, 0xFF, 0x00, 0xFF, 0xFF, 0x00, 0xFF, 0xFF, 0x00, 0xFF, 0xFF, 0x00, 0xFF, 0xFF, 0x00, 0xFF,
    0xFF, 0x00, 0xFF, 0xFF, 0x00, 0xFF, 0xFF, 0x00, 0xFF, 0xFF, 0x00, 0xFF, 0xFF, 0x00, 0xFF, 0xFF,
    0x00, 0xFF, 0xFF, 0x00, 0xFF, 0xFF, 0x00, 0xFF, 0xFF, 0x00, 0xFF, 0xFF, 0x00, 0xFF, 0xFF, 0x00,
    0xFF, 0xFF, 0x00, 0xFF, 0xFF, 0x00, 0xFF, 0xFF, 0x00, 0xFF, 0xFF, 0x00, 0xFF, 0xFF, 0x00, 0xFF,
    0xFF, 0x00, 0xFF, 0xFF, 0x00, 0xFF, 0xFF, 0x00, 0xFF, 0xFF, 0x00, 0xFF, 0xFF, 0x00, 0xFF, 0xFF,
    0x00, 0xFF, 0xFF, 0x00, 0xFF, 0xFF, 0x00, 0xFF, 0xFF, 0x00, 0xFF, 0xFF, 0x00, 0xFF, 0xFF, 0x00,
    0xFF, 0xFF, 0x00, 0xFF, 0xFF, 0x00, 0xFF, 0xFF, 0x00, 0xFF, 0xFF, 0x00, 0xFF, 0xFF, 0x00, 0xFF,
    0xFF, 0x00, 0xFF, 0xFF, 0x00, 0xFF, 0xFF, 0x00, 0xFF, 0xFF, 0x00, 0xFF, 0xFF, 0x00, 0xFF, 0xFF,
    0x00, 0xFF, 0xFF, 0x00, 0xFF, 0xFF, 0x00, 0xFF, 0xFF, 0x00, 0xFF, 0xFF, 0x00, 0xFF, 0xFF, 0x00,
    0xFF, 0xFF, 0x00, 0xFF, 0xFF, 0x00, 0xFF, 0xFF, 0x00, 0xFF, 0xFF, 0x00, 0xFF, 0xFF, 0x00, 0xFF,
    0xFF, 0x00, 0xFF, 0xFF, 0x00, 0xFF, 0xFF, 0x00, 0xFF, 0xFF, 0x00, 0xFF, 0xFF, 0x00, 0xFF, 0xFF,
    0x00, 0xFF, 0xFF, 0x00, 0xFF, 0xFF, 0x00, 0xFF, 0xFF, 0x00, 0xFF, 0xFF, 0x00, 0xFF, 0xFF, 0x00,
    0xFF, 0xFF, 0x00, 0xFF, 0xFF, 0x00, 0xFF, 0xFF, 0x00, 0xFF, 0xFF, 0x00, 0xFF, 0xFF, 0x00, 0xFF,
    0xFF, 0x00, 0xFF, 0xFF, 0x00, 0xFF, 0xFF, 0x00, 0xFF, 0xFF, 0x00, 0xFF, 0xFF, 0x00, 0xFF, 0xFF,
    0x00, 0xFF, 0xFF, 0x00, 0xFF, 0xFF, 0x00, 0xFF, 0xFF, 0x00, 0xFF, 0xFF, 0x00, 0xFF, 0xFF, 0x00,
    0xFF, 0xFF, 0x00, 0xFF, 0xFF, 0x00, 0xFF, 0xFF, 0x00, 0xFF, 0xFF, 0x00, 0xFF, 0xFF, 0x00, 0xFF,
    0xFF, 0x00, 0xFF, 0xFF, 0x00, 0xFF, 0xFF, 0x00, 0xFF, 0xFF, 0x00, 0xFF, 0xFF, 0x00, 0xFF, 0xFF,
    0x00, 0xFF, 0xFF, 0x00, 0xFF, 0xFF, 0x00, 0xFF, 0xFF, 0x00, 0xFF, 0xFF, 0x00, 0xFF, 0xFF, 0x00,
    0xFF, 0xFF, 0x00, 0xFF, 0xFF, 0x00, 0xFF, 0xFF, 0x00, 0xFF, 0xFF, 0x00, 0xFF, 0xFF, 0x00, 0xFF,
    0xFF, 0x00, 0xFF, 0xFF, 0x00, 0xFF, 0xFF, 0x00, 0xFF, 0xFF, 0x00, 0xFF, 0xFF, 0x00, 0xFF, 0xFF,
    0x00, 0xFF, 0xFF, 0x00, 0xFF, 0xFF, 0x00, 0xFF, 0xFF, 0x00, 0xFF, 0xFF, 0x00, 0xFF, 0xFF, 0x00,
    0xFF, 0xFF, 0x00, 0xFF, 0xFF, 0x00, 0xFF, 0xFF, 0x00, 0xFF, 0xFF, 0x00, 0xFF, 0xFF, 0x00, 0xFF,
    0xFF, 0x00, 0xFF, 0xFF, 0x00, 0xFF, 0xFF, 0x00, 0xFF, 0xFF, 0x00, 0xFF, 0xFF, 0x00, 0xFF, 0xFF,
    0x00, 0xFF, 0xFF, 0x00, 0xFF, 0xFF, 0x00, 0xFF, 0xFF, 0x00, 0xFF, 0xFF, 0x00, 0xFF, 0xFF, 0x00,
    0xFF, 0xFF, 0x00, 0xFF, 0xFF, 0x00, 0xFF, 0xFF, 0x00, 0xFF, 0xFF, 0x00, 0xFF, 0xFF, 0x00, 0xFF,
    0xFF, 0x00, 0xFF, 0xFF, 0x00, 0xFF, 0xFF, 0x00, 0xFF, 0xFF, 0x00, 0xFF, 0xFF, 0x00, 0xFF, 0xFF,
    0x00, 0xFF, 0xFF, 0x00, 0xFF, 0xFF, 0x00, 0xFF, 0xFF, 0x00, 0xFF, 0xFF, 0x00, 0xFF, 0xFF, 0x00,
    0xFF, 0xFF, 0x00, 0xFF, 0xFF, 0x00, 0xFF, 0xFF, 0x00, 0xFF, 0xFF, 0x00, 0xFF, 0xFF, 0x00, 0xFF,
    0xFF, 0x00, 0xFF, 0xFF, 0x00, 0xFF, 0xFF, 0x00, 0xFF, 0xFF, 0x00, 0xFF, 0xFF, 0x00, 0xFF, 0xFF,
    0x00, 0xFF, 0xFF, 0x00, 0xFF, 0xFF, 0x00, 0xFF, 0xFF, 0x00, 0xFF, 0xFF, 0x00, 0xFF, 0xFF, 0x00,
    0xFF, 0xFF, 0x00, 0xFF, 0xFF, 0x00, 0xFF, 0xFF, 0x00, 0xFF, 0xFF, 0x00, 0xFF, 0xFF, 0x00, 0xFF,
    0xFF, 0x00, 0xFF, 0xFF, 0x00, 0xFF, 0xFF, 0x00, 0xFF, 0xFF, 0x00, 0xFF, 0xFF, 0x00, 0xFF, 0xFF,
    0x00, 0xFF, 0xFF, 0x00, 0xFF, 0xFF, 0x00, 0xFF, 0xFF, 0x00, 0xFF, 0xFF, 0x00, 0xFF, 0xFF, 0x00,
    0xFF, 0xFF, 0x00, 0xFF, 0xFF, 0x00, 0xFF, 0xFF, 0x00, 0xFF, 0xFF, 0x00, 0xFF, 0xFF, 0x00, 0xFF,
    0xFF, 0x00, 0xFF, 0xFF, 0x00, 0xFF, 0xFF, 0x00, 0xFF, 0xFF, 0x00, 0xFF, 0xFF, 0x00, 0xFF, 0xFF,
    0x00, 0xFF, 0xFF, 0x00, 0xFF, 0xFF, 0x00, 0xFF, 0xFF, 0x00, 0xFF, 0xFF, 0x00, 0xFF, 0xFF, 0x00,
    0xFF, 0xFF, 0x00, 0xFF, 0xFF, 0x00, 0xFF, 0xFF, 0x00, 0xFF, 0xFF, 0x00, 0xFF, 0xFF, 0x00, 0xFF,
    0xFF, 0x00, 0xFF, 0xFF, 0x00, 0xFF, 0xFF, 0x00, 0xFF, 0xFF, 0x00, 0xFF, 0xFF, 0x00, 0xFF, 0xFF,
    0x00, 0xFF, 0xFF, 0x00, 0xFF, 0xFF, 0x00, 0xFF, 0xFF, 0x00, 0xFF, 0xFF, 0x00, 0xFF, 0xFF, 0x00,
    0xFF, 0xFF, 0x00, 0xFF, 0xFF, 0x00, 0xFF, 0xFF, 0x00, 0xFF, 0xFF, 0x00, 0xFF, 0xFF, 0x00, 0xFF,
    0xFF, 0x00, 0xFF, 0xFF, 0x00, 0xFF, 0xFF, 0x00, 0xFF, 0xFF, 0x00, 0xFF, 0xFF, 0x00, 0xFF, 0xFF,
    0x00, 0xFF, 0xFF, 0x00, 0xFF, 0xFF, 0x00, 0xFF, 0xFF, 0x00, 0xFF, 0xFF, 0x00, 0xFF, 0xFF, 0x00,
    0xFF, 0xFF, 0x00, 0xFF, 0xFF, 0x00, 0xFF, 0xFF, 0x00, 0xFF, 0xFF, 0x00, 0xFF, 0xFF, 0x00, 0xFF,
    0xFF, 0x00, 0xFF, 0xFF, 0x00, 0xFF, 0xFF, 0x00, 0xFF, 0xFF, 0x00, 0xFF, 0xFF, 0x00, 0xFF, 0xFF,
    0x00, 0xFF, 0xFF, 0x00, 0xFF, 0xFF, 0x00, 0xFF, 0xFF, 0x00, 0xFF, 0xFF, 0x00, 0xFF, 0xFF, 0x00,
    0xFF, 0xFF, 0x00, 0xFF, 0xFF, 0x00, 0xFF, 0xFF, 0x00, 0xFF, 0xFF, 0x00, 0xFF, 0xFF, 0x00, 0xFF,
    0xFF, 0x00, 0xFF, 0xFF, 0x00, 0xFF, 0xFF, 0x00, 0xFF, 0xFF, 0x00, 0xFF, 0xFF, 0x00, 0xFF, 0xFF,
    0x00, 0xFF, 0xFF, 0x00, 0xFF, 0xFF, 0x00, 0xFF, 0xFF, 0x00, 0xFF, 0xFF, 0x00, 0xFF, 0xFF, 0x00,
    0xFF, 0xFF, 0x00, 0xFF, 0xFF, 0x00, 0xFF, 0xFF, 0x00, 0xFF, 0xFF, 0x00, 0xFF, 0xFF, 0x00, 0xFF,
    0xFF, 0x00, 0xFF, 0xFF, 0x00, 0xFF, 0xFF, 0x00, 0xFF, 0xFF, 0x00, 0xFF, 0xFF, 0x00, 0xFF, 0xFF,
    0x00, 0xFF, 0xFF, 0x00, 0xFF, 0xFF, 0x00, 0xFF, 0xFF, 0x00, 0xFF, 0xFF, 0x00, 0xFF, 0xFF, 0x00,
    0xFF, 0xFF, 0x00, 0xFF, 0xFF, 0x00, 0xFF, 0xFF, 0x00, 0xFF, 0xFF, 0x00, 0xFF, 0xFF, 0x00, 0xFF,
    0xFF, 0x00, 0xFF, 0xFF, 0x00, 0xFF, 0xFF, 0x00, 0xFF, 0xFF, 0x00, 0xFF, 0xFF, 0x00, 0xFF, 0xFF,
    0x00, 0xFF, 0xFF, 0x00, 0xFF, 0xFF, 0x00, 0xFF, 0xFF, 0x00, 0xFF, 0xFF, 0x00, 0xFF, 0xFF, 0x00,
    0xFF, 0xFF, 0x00, 0xFF, 0xFF, 0x00, 0xFF, 0xFF, 0x00, 0xFF, 0xFF, 0x00, 0xFF, 0xFF, 0x00, 0xFF,
    0xFF, 0x00, 0xFF, 0xFF, 0x00, 0xFF, 0xFF, 0x00, 0xFF, 0xFF, 0x00, 0xFF, 0xFF, 0x00, 0xFF, 0xFF,
    0x00, 0xFF, 0xFF, 0x00, 0xFF, 0xFF, 0x00, 0xFF, 0xFF, 0x00, 0xFF, 0xFF, 0x00, 0xFF, 0xFF, 0x00,
    0xFF, 0xFF, 0x00, 0xFF, 0xFF, 0x00, 0xFF, 0xFF, 0x00, 0xFF, 0xFF, 0x00, 0xFF, 0xFF, 0x00, 0xFF,
    0xFF, 0x00, 0xFF, 0xFF, 0x00, 0xFF, 0xFF, 0x00, 0xFF, 0xFF, 0x00, 0xFF, 0xFF, 0x00, 0xFF, 0xFF,
    0x00, 0xFF, 0xFF, 0x00, 0xFF, 0xFF, 0x00, 0xFF, 0xFF, 0x00, 0xFF, 0xFF, 0x00, 0xFF, 0xFF, 0x00,
    0xFF, 0xFF, 0x00, 0xFF, 0xFF, 0x00, 0xFF, 0xFF, 0x00, 0xFF, 0xFF, 0x00, 0xFF, 0xFF, 0x00, 0xFF,
    0xFF, 0x00, 0xFF, 0xFF, 0x00, 0xFF, 0xFF, 0x00, 0xFF, 0xFF, 0x00, 0xFF, 0xFF, 0x00, 0xFF, 0xFF,
    0x00, 0xFF, 0xFF, 0x00, 0xFF, 0xFF, 0x00, 0xFF, 0xFF, 0x00, 0xFF, 0xFF, 0x00, 0xFF, 0xFF, 0x00,
    0xFF, 0xFF, 0x00, 0xFF, 0xFF, 0x00, 0xFF, 0xFF, 0x00, 0xFF, 0xFF, 0x00, 0xFF, 0xFF, 0x00, 0xFF,
    0xFF, 0x00, 0xFF, 0xFF, 0x00, 0xFF, 0xFF, 0x00, 0xFF, 0xFF, 0x00, 0xFF, 0xFF, 0x00, 0xFF, 0xFF,
    0x00, 0xFF, 0xFF, 0x00, 0xFF, 0xFF, 0x00, 0xFF, 0xFF, 0x00, 0xFF, 0xFF, 0x00, 0xFF, 0xFF, 0x00,
    0xFF, 0xFF, 0x00, 0xFF, 0xFF, 0x00, 0xFF, 0xFF, 0x00, 0xFF, 0xFF, 0x00, 0xFF, 0xFF, 0x00, 0xFF,
    0xFF, 0x00, 0xFF, 0xFF, 0x00, 0xFF, 0xFF, 0x00, 0xFF, 0xFF, 0x00, 0xFF, 0xFF, 0x00, 0xFF, 0xFF,
    0x00, 0xFF, 0xFF, 0x00, 0xFF, 0xFF, 0x00, 0xFF, 0xFF, 0x00, 0xFF, 0xFF, 0x00, 0xFF, 0xFF, 0x00,
    0xFF, 0xFF, 0x00, 0xFF, 0xFF, 0x00, 0xFF, 0xFF, 0x00, 0xFF, 0xFF, 0x00, 0xFF, 0xFF, 0x00, 0xFF,
    0xFF, 0x00, 0xFF, 0xFF, 0x00, 0xFF, 0xFF, 0x00, 0xFF, 0xFF, 0x00, 0xFF, 0xFF, 0x00, 0xFF, 0xFF,
    0x00, 0xFF, 0xFF, 0x00, 0xFF, 0xFF, 0x00, 0xFF, 0xFF, 0x00, 0xFF, 0xFF, 0x00, 0xFF, 0xFF, 0x00,
    0xFF, 0xFF, 0x00, 0xFF, 0xFF, 0x00, 0xFF, 0xFF, 0x00, 0xFF, 0xFF, 0x00, 0xFF, 0xFF, 0x00, 0xFF,
    0xFF, 0x00, 0xFF, 0xFF, 0x00, 0xFF, 0xFF, 0x00, 0xFF, 0xFF, 0x00, 0xFF, 0xFF, 0x00, 0xFF, 0xFF,
    0x00, 0xFF, 0xFF, 0x00, 0xFF, 0xFF, 0x00, 0xFF, 0xFF, 0x00, 0xFF, 0xFF, 0x00, 0xFF, 0xFF, 0x00,
    0xFF, 0xFF, 0x00, 0xFF, 0xFF, 0x00, 0xFF, 0xFF, 0x00, 0xFF, 0xFF, 0x00, 0xFF, 0xFF, 0x00, 0xFF,
    0xFF, 0x00, 0xFF, 0xFF, 0x00, 0xFF, 0xFF, 0x00, 0xFF, 0xFF, 0x00, 0xFF, 0xFF, 0x00, 0xFF, 0xFF,
    0x00, 0xFF, 0xFF, 0x00, 0xFF, 0xFF, 0x00, 0xFF, 0xFF, 0x00, 0xFF, 0xFF, 0x00, 0xFF, 0xFF, 0x00,
    0xFF, 0xFF, 0x00, 0xFF, 0xFF, 0x00, 0xFF, 0xFF, 0x00, 0xFF, 0xFF, 0x00, 0xFF, 0xFF, 0x00, 0xFF,
    0xFF, 0x00, 0xFF, 0xFF, 0x00, 0xFF, 0xFF, 0x00, 0xFF, 0xFF, 0x00, 0xFF, 0xFF, 0x00, 0xFF, 0xFF,
    0x00, 0xFF, 0xFF, 0x00, 0xFF, 0xFF, 0x00, 0xFF, 0xFF, 0x00, 0xFF, 0xFF, 0x00, 0xFF, 0xFF, 0x00,
    0xFF, 0xFF, 0x00, 0xFF, 0xFF, 0x00, 0xFF, 0xFF, 0x00, 0xFF, 0xFF, 0x00, 0xFF, 0xFF, 0x00, 0xFF,
    0xFF, 0x00, 0xFF, 0xFF, 0x00, 0xFF, 0xFF, 0x00, 0xFF, 0xFF, 0x00, 0xFF, 0xFF, 0x00, 0xFF, 0xFF,
    0x00, 0xFF, 0xFF, 0x00, 0xFF, 0xFF, 0x00, 0xFF, 0xFF, 0x00, 0xFF, 0xFF, 0x00, 0xFF, 0xFF, 0x00,
    0xFF, 0xFF, 0x00, 0xFF, 0xFF, 0x00, 0xFF, 0xFF, 0x00, 0xFF, 0xFF, 0x00, 0xFF, 0xFF, 0x00, 0xFF,
    0xFF, 0x00, 0xFF, 0xFF, 0x00, 0xFF, 0xFF, 0x00, 0xFF, 0xFF, 0x00, 0xFF, 0xFF, 0x00, 0xFF, 0xFF,
    0x00, 0xFF, 0xFF, 0x00, 0xFF, 0xFF, 0x00, 0xFF, 0xFF, 0x00, 0xFF, 0xFF, 0x00, 0xFF, 0xFF, 0x00,
    0xFF, 0xFF, 0x00, 0xFF, 0xFF, 0x00, 0xFF, 0xFF, 0x00, 0xFF, 0xFF, 0x00, 0xFF, 0xFF, 0x00, 0xFF,
    0xFF, 0x00, 0xFF, 0xFF, 0x00, 0xFF, 0xFF, 0x00, 0xFF, 0xFF, 0x00, 0xFF, 0xFF, 0x00, 0xFF, 0xFF,
    0x00, 0xFF, 0xFF, 0x00, 0xFF, 0xFF, 0x00, 0xFF, 0xFF, 0x00, 0xFF, 0xFF, 0x00, 0xFF, 0xFF, 0x00,
    0xFF, 0xFF, 0x00, 0xFF, 0xFF, 0x00, 0xFF, 0xFF, 0x00, 0xFF, 0xFF, 0x00, 0xFF, 0xFF, 0x00, 0xFF,
    0xFF, 0x00, 0xFF, 0xFF, 0x00, 0xFF, 0xFF, 0x00, 0xFF, 0xFF, 0x00, 0xFF, 0xFF, 0x00, 0xFF, 0xFF,
    0x00, 0xFF, 0xFF, 0x00, 0xFF, 0xFF, 0x00, 0xFF, 0xFF, 0x00, 0xFF, 0xFF, 0x00, 0xFF, 0xFF, 0x00,
    0xFF, 0xFF, 0x00, 0xFF, 0xFF, 0x00, 0xFF, 0xFF, 0x00, 0xFF, 0xFF, 0x00, 0xFF, 0xFF, 0x00, 0xFF,
    0xFF, 0x00, 0xFF, 0xFF, 0x00, 0xFF, 0xFF, 0x00, 0xFF, 0xFF, 0x00, 0xFF, 0xFF, 0x00, 0xFF, 0xFF,
    0x00, 0xFF, 0xFF, 0x00, 0xFF, 0xFF, 0x00, 0xFF, 0xFF, 0x00, 0xFF, 0xFF, 0x00, 0xFF, 0xFF, 0x00,
    0xFF, 0xFF, 0x00, 0xFF, 0xFF, 0x00, 0xFF, 0xFF, 0x00, 0xFF, 0xFF, 0x00, 0xFF, 0xFF, 0x00, 0xFF,
    0xFF, 0x00, 0xFF, 0xFF, 0x00, 0xFF, 0xFF, 0x00, 0xFF, 0xFF, 0x00, 0xFF, 0xFF, 0x00, 0xFF, 0xFF,
    0x00, 0xFF, 0xFF, 0x00, 0xFF, 0xFF, 0x00, 0xFF, 0xFF, 0x00, 0xFF, 0xFF, 0x00, 0xFF, 0xFF, 0x00,
    0xFF, 0xFF, 0x00, 0xFF, 0xFF, 0x00, 0xFF, 0xFF, 0x00, 0xFF, 0xFF, 0x00, 0xFF, 0xFF, 0x00, 0xFF,
    0xFF, 0x00, 0xFF, 0xFF, 0x00, 0xFF, 0xFF, 0x00, 0xFF, 0xFF, 0x00, 0xFF, 0xFF, 0x00, 0xFF, 0xFF,
    0x00, 0xFF, 0xFF, 0x00, 0xFF, 0xFF, 0x00, 0xFF, 0xFF, 0x00, 0xFF, 0xFF, 0x00, 0xFF, 0xFF, 0x00,
    0xFF, 0xFF, 0x00, 0xFF, 0xFF, 0x00, 0xFF, 0xFF, 0x00, 0xFF, 0xFF, 0x00, 0xFF, 0xFF, 0x00, 0xFF,
    0xFF, 0x00, 0xFF, 0xFF, 0x00, 0xFF, 0xFF, 0x00, 0xFF, 0xFF, 0x00, 0xFF, 0xFF, 0x00, 0xFF, 0xFF,
    0x00, 0xFF, 0xFF, 0x00, 0xFF, 0xFF, 0x00, 0xFF, 0xFF, 0x00, 0xFF, 0xFF, 0x00, 0xFF, 0xFF, 0x00,
    0xFF, 0xFF, 0x00, 0xFF, 0xFF, 0x00, 0xFF, 0xFF, 0x00, 0xFF, 0xFF, 0x00, 0xFF, 0xFF, 0x00, 0xFF,
    0xFF, 0x00, 0xFF, 0xFF, 0x00, 0xFF, 0xFF, 0x00, 0xFF, 0xFF, 0x00, 0xFF, 0xFF, 0x00, 0xFF, 0xFF,
    0x00, 0xFF, 0xFF, 0x00, 0xFF, 0xFF, 0x00, 0xFF, 0xFF, 0x00, 0xFF, 0xFF, 0x00, 0xFF, 0xFF, 0x00,
    0xFF, 0xFF, 0x00, 0xFF, 0xFF, 0x00, 0xFF, 0xFF, 0x00, 0xFF, 0xFF, 0x00, 0xFF, 0xFF, 0x00, 0xFF,
    0xFF, 0x00, 0xFF, 0xFF, 0x00, 0xFF, 0xFF, 0x00, 0xFF, 0xFF, 0x00, 0xFF, 0xFF, 0x00, 0xFF, 0xFF,
    0x00, 0xFF, 0xFF, 0x00, 0xFF, 0xFF, 0x00, 0xFF, 0xFF, 0x00, 0xFF, 0xFF, 0x00, 0xFF, 0xFF, 0x00,
    0xFF, 0xFF, 0x00, 0xFF, 0xFF, 0x00, 0xFF, 0xFF, 0x00, 0xFF, 0xFF, 0x00, 0xFF, 0xFF, 0x00, 0xFF,
    0xFF, 0x00, 0xFF, 0xFF, 0x00, 0xFF, 0xFF, 0x00, 0xFF, 0xFF, 0x00, 0xFF, 0xFF, 0x00, 0xFF, 0xFF,
    0x00, 0xFF, 0xFF, 0x00, 0xFF, 0xFF, 0x00, 0xFF, 0xFF, 0x00, 0xFF, 0xFF, 0x00, 0xFF, 0xFF, 0x00,
    0xFF, 0xFF, 0x00, 0xFF, 0xFF, 0x00, 0xFF, 0xFF, 0x00, 0xFF, 0xFF, 0x00, 0xFF, 0xFF, 0x00, 0xFF,
    0xFF, 0x00, 0xFF, 0xFF, 0x00, 0xFF, 0xFF, 0x00, 0xFF, 0xFF, 0x00, 0xFF, 0xFF, 0x00, 0xFF, 0xFF,
    0x00, 0xFF, 0xFF, 0x00, 0xFF, 0xFF, 0x00, 0xFF, 0xFF, 0x00, 0xFF, 0xFF, 0x00, 0xFF, 0xFF, 0x00,
    0xFF, 0xFF, 0x00, 0xFF, 0xFF, 0x00, 0xFF, 0xFF, 0x00, 0xFF, 0xFF, 0x00, 0xFF, 0xFF, 0x00, 0xFF,
    0xFF, 0x00, 0xFF, 0xFF, 0x00, 0xFF, 0xFF, 0x00, 0xFF, 0xFF, 0x00, 0xFF, 0xFF, 0x00, 0xFF, 0xFF,
    0x00, 0xFF, 0xFF, 0x00, 0xFF, 0xFF, 0x00, 0xFF, 0xFF, 0x00, 0xFF, 0xFF, 0x00, 0xFF, 0xFF, 0x00,
    0xFF, 0xFF, 0x00, 0xFF, 0xFF, 0x00, 0xFF, 0xFF, 0x00, 0xFF, 0xFF, 0x00, 0xFF, 0xFF, 0x00, 0xFF,
    0xFF, 0x00, 0xFF, 0xFF, 0x00, 0xFF, 0xFF, 0x00, 0xFF, 0xFF, 0x00, 0xFF, 0xFF, 0x00, 0xFF, 0xFF,
    0x00, 0xFF, 0xFF, 0x00, 0xFF, 0xFF, 0x00, 0xFF, 0xFF, 0x00, 0xFF, 0xFF, 0x00, 0xFF, 0xFF, 0x00,
    0xFF, 0xFF, 0x00, 0xFF, 0xFF, 0x00, 0xFF, 0xFF, 0x00, 0xFF, 0xFF, 0x00, 0xFF, 0xFF, 0x00, 0xFF,
    0xFF, 0x00, 0xFF, 0xFF, 0x00, 0xFF, 0xFF, 0x00, 0xFF, 0xFF, 0x00, 0xFF, 0xFF, 0x00, 0xFF, 0xFF,
    0x00, 0xFF, 0xFF, 0x00, 0xFF, 0xFF, 0x00, 0xFF, 0xFF, 0x00, 0xFF, 0xFF, 0x00, 0xFF, 0xFF, 0x00,
    0xFF, 0xFF, 0x00, 0xFF, 0xFF, 0x00, 0xFF, 0xFF, 0x00, 0xFF, 0xFF, 0x00, 0xFF, 0xFF, 0x00, 0xFF,
    0xFF, 0x00, 0xFF, 0xFF, 0x00, 0xFF, 0xFF, 0x00, 0xFF, 0xFF, 0x00, 0xFF, 0xFF, 0x00, 0xFF, 0xFF,
    0x00, 0xFF, 0xFF, 0x00, 0xFF, 0xFF, 0x00, 0xFF, 0xFF, 0x00, 0xFF, 0xFF, 0x00, 0xFF, 0xFF, 0x00,
    0xFF, 0xFF, 0x00, 0xFF, 0xFF, 0x00, 0xFF, 0xFF, 0x00, 0xFF, 0xFF, 0x00, 0xFF, 0xFF, 0x00, 0xFF,
    0xFF, 0x00, 0xFF, 0xFF, 0x00, 0xFF, 0xFF, 0x00, 0xFF, 0xFF, 0x00, 0xFF, 0xFF, 0x00, 0xFF, 0xFF,
    0x00, 0xFF, 0xFF, 0x00, 0xFF, 0xFF, 0x00, 0xFF, 0xFF, 0x00, 0xFF, 0xFF, 0x00, 0xFF, 0xFF, 0x00,
    0xFF, 0xFF, 0x00, 0xFF, 0xFF, 0x00, 0xFF, 0xFF, 0x00, 0xFF, 0xFF, 0x00, 0xFF, 0xFF, 0x00, 0xFF,
    0xFF, 0x00, 0xFF, 0xFF, 0x00, 0xFF, 0xFF, 0x00, 0xFF, 0xFF, 0x00, 0xFF, 0xFF, 0x00, 0xFF, 0xFF,
    0x00, 0xFF, 0xFF, 0x00, 0xFF, 0xFF, 0x00, 0xFF, 0xFF, 0x00, 0xFF, 0xFF, 0x00, 0xFF, 0xFF, 0x00,
    0xFF, 0xFF, 0x00, 0xFF, 0xFF, 0x00, 0xFF, 0xFF, 0x00, 0xFF, 0xFF, 0x00, 0xFF, 0xFF, 0x00, 0xFF,
    0xFF, 0x00, 0xFF, 0xFF, 0x00, 0xFF, 0xFF, 0x00, 0xFF, 0xFF, 0x00, 0xFF, 0xFF, 0x00, 0xFF, 0xFF,
    0x00, 0xFF, 0xFF, 0x00, 0xFF, 0xFF, 0x00, 0xFF, 0xFF, 0x00, 0xFF, 0xFF, 0x00, 0xFF, 0xFF, 0x00,
    0xFF, 0xFF, 0x00, 0xFF, 0xFF, 0x00, 0xFF, 0xFF, 0x00, 0xFF, 0xFF, 0x00, 0xFF, 0xFF, 0x00, 0xFF,
    0xFF, 0x00, 0xFF, 0xFF, 0x00, 0xFF, 0xFF, 0x00, 0xFF, 0xFF, 0x00, 0xFF, 0xFF, 0x00, 0xFF, 0xFF,
    0x00, 0xFF, 0xFF, 0x00, 0xFF, 0xFF, 0x00, 0xFF, 0xFF, 0x00, 0xFF, 0xFF, 0x00, 0xFF, 0xFF, 0x00,
    0xFF, 0xFF, 0x00, 0xFF, 0xFF, 0x00, 0xFF, 0xFF, 0x00, 0xFF, 0xFF, 0x00, 0xFF, 0xFF, 0x00, 0xFF,
    0xFF, 0x00, 0xFF, 0xFF, 0x00, 0xFF, 0xFF, 0x00, 0xFF, 0xFF, 0x00, 0xFF, 0xFF, 0x00, 0xFF, 0xFF,
    0x00, 0xFF, 0xFF, 0x00, 0xFF, 0xFF, 0x00, 0xFF, 0xFF, 0x00, 0xFF, 0xFF, 0x00, 0xFF, 0xFF, 0x00,
    0xFF, 0xFF, 0x00, 0xFF, 0xFF, 0x00, 0xFF, 0xFF, 0x00, 0xFF, 0xFF, 0x00, 0xFF, 0xFF, 0x00, 0xFF,
    0xFF, 0x00, 0xFF, 0xFF, 0x00, 0xFF, 0xFF, 0x00, 0xFF, 0xFF, 0x00, 0xFF, 0xFF, 0x00, 0xFF, 0xFF,
    0x00, 0xFF, 0xFF, 0x00, 0xFF, 0xFF, 0x00, 0xFF, 0xFF, 0x00, 0xFF, 0xFF, 0x00, 0xFF, 0xFF, 0x00,
    0xFF, 0xFF, 0x00, 0xFF, 0xFF, 0x00, 0xFF, 0xFF, 0x00, 0xFF, 0xFF, 0x00, 0xFF, 0xFF, 0x00, 0xFF,
    0xFF, 0x00, 0xFF, 0xFF, 0x00, 0xFF, 0xFF, 0x00, 0xFF, 0xFF, 0x00, 0xFF, 0xFF, 0x00, 0xFF, 0xFF,
    0x00, 0xFF, 0xFF, 0x00, 0xFF, 0xFF, 0x00, 0xFF, 0xFF, 0x00, 0xFF, 0xFF, 0x00, 0xFF, 0xFF, 0x00,
    0xFF, 0xFF, 0x00, 0xFF, 0xFF, 0x00, 0xFF, 0xFF, 0x00, 0xFF, 0xFF, 0x00, 0xFF, 0xFF, 0x00, 0xFF,
    0xFF, 0x00, 0xFF, 0xFF, 0x00, 0xFF, 0xFF, 0x00, 0xFF, 0xFF, 0x00, 0xFF, 0xFF, 0x00, 0xFF, 0xFF,
    0x00, 0xFF, 0xFF, 0x00, 0xFF, 0xFF, 0x00, 0xFF, 0xFF, 0x00, 0xFF, 0xFF, 0x00, 0xFF, 0xFF, 0x00,
    0xFF, 0xFF, 0x00, 0xFF, 0xFF, 0x00, 0xFF, 0xFF, 0x00, 0xFF, 0xFF, 0x00, 0xFF, 0xFF, 0x00, 0xFF,
    0xFF, 0x00, 0xFF, 0xFF, 0x00, 0xFF, 0xFF, 0x00, 0xFF, 0xFF, 0x00, 0xFF, 0xFF, 0x00, 0xFF, 0xFF,
    0x00, 0xFF, 0xFF, 0x00, 0xFF, 0xFF, 0x00, 0xFF, 0xFF, 0x00, 0xFF, 0xFF, 0x00, 0xFF, 0xFF, 0x00,
    0xFF, 0xFF, 0x00, 0xFF, 0xFF, 0x00, 0xFF, 0xFF, 0x00, 0xFF, 0xFF, 0x00, 0xFF, 0xFF, 0x00, 0xFF,
    0xFF, 0x00, 0xFF, 0xFF, 0x00, 0xFF, 0xFF, 0x00, 0xFF, 0xFF, 0x00, 0xCA, 0xD3, 0x13, 0xAA, 0xDB,
    0x50, 0xAA, 0xDB, 0x65, 0xAA, 0xDB, 0x65, 0xAA, 0xDB, 0x65, 0xAA, 0xDB, 0x65, 0xAA, 0xDB, 0x65,
    0xAA, 0xDB, 0x65, 0xAA, 0xDB, 0x65, 0xAA, 0xDB, 0x65, 0xAA, 0xDB, 0x65, 0xAA, 0xDB, 0x65, 0xAA,
    0xDB, 0x65, 0xAA, 0xDB, 0x65, 0xAA, 0xDB, 0x65, 0xAA, 0xDB, 0x65, 0xAA, 0xDB, 0x65, 0xAA, 0xDB,
    0x65, 0xAA, 0xDB, 0x65, 0xAA, 0xDB, 0x65, 0xAA, 0xDB, 0x65, 0xAA, 0xDB, 0x65, 0xAA, 0xDB, 0x65,
    0xAA, 0xDB, 0x65, 0xAA, 0xDB, 0x65, 0xAA, 0xDB, 0x65, 0xAA, 0xDB, 0x65, 0xAA, 0xDB, 0x65, 0xAA,
    0xDB, 0x65, 0xAA, 0xDB, 0x65, 0xAA, 0xDB, 0x65, 0xAA, 0xDB, 0x65, 0xAA, 0xDB, 0x65, 0xAA, 0xDB,
    0x65, 0xAA, 0xDB, 0x65, 0xAA, 0xDB, 0x65, 0xAA, 0xDB, 0x65, 0xAA, 0xDB, 0x65, 0xAA, 0xDB, 0x65,
    0xAA, 0xDB, 0x65, 0xAA, 0xDB, 0x65, 0xAA, 0xDB, 0x65, 0xAA, 0xDB, 0x65, 0xAA, 0xDB, 0x65, 0xAA,
    0xDB, 0x65, 0xAA, 0xDB, 0x65, 0xAA, 0xDB, 0x65, 0xAA, 0xDB, 0x65, 0xAA, 0xDB, 0x65, 0xAA, 0xDB,
    0x65, 0xAA, 0xDB, 0x65, 0xAA, 0xDB, 0x65, 0xAA, 0xDB, 0x65, 0xAA, 0xDB, 0x65, 0xAA, 0xDB, 0x65,
    0xAA, 0xDB, 0x65, 0xAA, 0xDB, 0x65, 0xAA, 0xDB, 0x65, 0xAA, 0xDB, 0x65, 0xAA, 0xDB, 0x65, 0xCA,
    0xDB, 0x51, 0x8B, 0xDB, 0x14, 0xFF, 0xFF, 0x00, 0xFF, 0xFF, 0x00, 0xFF, 0xFF, 0x00, 0xFF, 0xFF,
    0x00, 0xFF, 0xFF, 0x00, 0xFF, 0xFF, 0x00, 0xFF, 0xFF, 0x00, 0xFF, 0xFF, 0x00, 0xFF, 0xFF, 0x00,
    0xFF, 0xFF, 0x00, 0xFF, 0xFF, 0x00, 0xFF, 0xFF, 0x00, 0xFF, 0xFF, 0x00, 0xFF, 0xFF, 0x00, 0xFF,
    0xFF, 0x00, 0xFF, 0xFF, 0x00, 0xFF, 0xFF, 0x00, 0xFF, 0xFF, 0x00, 0xCA, 0xDB, 0x31, 0xAA, 0xDB,
    0xC9, 0xAA, 0xDB, 0xFD, 0xAA, 0xDB, 0xFD, 0xAA, 0xDB, 0xFD, 0xAA, 0xDB, 0xFD, 0xAA, 0xDB, 0xFD,
    0xAA, 0xDB, 0xFD, 0xAA, 0xDB, 0xFD, 0xAA, 0xDB, 0xFD, 0xAA, 0xDB, 0xFD, 0xAA, 0xDB, 0xFD, 0xAA,
    0xDB, 0xFD, 0xAA, 0xDB, 0xFD, 0xAA, 0xDB, 0xFD, 0xAA, 0xDB, 0xFD, 0xAA, 0xDB, 0xFD, 0xAA, 0xDB,
    0xFD, 0xAA, 0xDB, 0xFD, 0xAA, 0xDB, 0xFD, 0xAA, 0xDB, 0xFD, 0xAA, 0xDB, 0xFD, 0xAA, 0xDB, 0xFD,
    0xAA, 0xDB, 0xFD, 0xAA, 0xDB, 0xFD, 0xAA, 0xDB, 0xFD, 0xAA, 0xDB, 0xFD, 0xAA, 0xDB, 0xFD, 0xAA,
    0xDB, 0xFD, 0xAA, 0xDB, 0xFD, 0xAA, 0xDB, 0xFD, 0xAA, 0xDB, 0xFD, 0xAA, 0xDB, 0xFD, 0xAA, 0xDB,
    0xFD, 0xAA, 0xDB, 0xFD, 0xAA, 0xDB, 0xFD, 0xAA, 0xDB, 0xFD, 0xAA, 0xDB, 0xFD, 0xAA, 0xDB, 0xFD,
    0xAA, 0xDB, 0xFD, 0xAA, 0xDB, 0xFD, 0xAA, 0xDB, 0xFD, 0xAA, 0xDB, 0xFD, 0xAA, 0xDB, 0xFD, 0xAA,
    0xDB, 0xFD, 0xAA, 0xDB, 0xFD, 0xAA, 0xDB, 0xFD, 0xAA, 0xDB, 0xFD, 0xAA, 0xDB, 0xFD, 0xAA, 0xDB,
    0xFD, 0xAA, 0xDB, 0xFD, 0xAA, 0xDB, 0xFD, 0xAA, 0xDB, 0xFD, 0xAA, 0xDB, 0xFD, 0xAA, 0xDB, 0xFD,
    0xAA, 0xDB, 0xFD, 0xAA, 0xDB, 0xFD, 0xAA, 0xDB, 0xFD, 0xAA, 0xDB, 0xFD, 0xAA, 0xDB, 0xFD, 0xAA,
    0xDB, 0xCB, 0x8A, 0xD3, 0x33, 0xFF, 0xFF, 0x00, 0xFF, 0xFF, 0x00, 0xFF, 0xFF, 0x00, 0xFF, 0xFF,
    0x00, 0xFF, 0xFF, 0x00, 0xFF, 0xFF, 0x00, 0xFF, 0xFF, 0x00, 0xFF, 0xFF, 0x00, 0xFF, 0xFF, 0x00,
    0xFF, 0xFF, 0x00, 0xFF, 0xFF, 0x00, 0xFF, 0xFF, 0x00, 0xFF, 0xFF, 0x00, 0xFF, 0xFF, 0x00, 0xFF,
    0xFF, 0x00, 0xFF, 0xFF, 0x00, 0xFF, 0xFF, 0x00, 0xFF, 0xFF, 0x00, 0xCA, 0xDB, 0x31, 0xAA, 0xDB,
    0xCB, 0xAA, 0xDB, 0xFF, 0xAA, 0xDB, 0xFF, 0xAA, 0xDB, 0xFF, 0xAA, 0xDB, 0xFF, 0xAA, 0xDB, 0xFF,
    0xAA, 0xDB, 0xFF, 0xAA, 0xDB, 0xFF, 0xAA, 0xDB, 0xFF, 0xAA, 0xDB, 0xFF, 0xAA, 0xDB, 0xFF, 0xAA,
    0xDB, 0xFF, 0xAA, 0xDB, 0xFF, 0xAA, 0xDB, 0xFF, 0xAA, 0xDB, 0xFF, 0xAA, 0xDB, 0xFF, 0xAA, 0xDB,
    0xFF, 0xAA, 0xDB, 0xFF, 0xAA, 0xDB, 0xFF, 0xAA, 0xDB, 0xFF, 0xAA, 0xDB, 0xFF, 0xAA, 0xDB, 0xFF,
    0xAA, 0xDB, 0xFF, 0xAA, 0xDB, 0xFF, 0xAA, 0xDB, 0xFF, 0xAA, 0xDB, 0xFF, 0xAA, 0xDB, 0xFF, 0xAA,
    0xDB, 0xFF, 0xAA, 0xDB, 0xFF, 0xAA, 0xDB, 0xFF, 0xAA, 0xDB, 0xFF, 0xAA, 0xDB, 0xFF, 0xAA, 0xDB,
    0xFF, 0xAA, 0xDB, 0xFF, 0xAA, 0xDB, 0xFF, 0xAA, 0xDB, 0xFF, 0xAA, 0xDB, 0xFF, 0xAA, 0xDB, 0xFF,
    0xAA, 0xDB, 0xFF, 0xAA, 0xDB, 0xFF, 0xAA, 0xDB, 0xFF, 0xAA, 0xDB, 0xFF, 0xAA, 0xDB, 0xFF, 0xAA,
    0xDB, 0xFF, 0xAA, 0xDB, 0xFF, 0xAA, 0xDB, 0xFF, 0xAA, 0xDB, 0xFF, 0xAA, 0xDB, 0xFF, 0xAA, 0xDB,
    0xFF, 0xAA, 0xDB, 0xFF, 0xAA, 0xDB, 0xFF, 0xAA, 0xDB, 0xFF, 0xAA, 0xDB, 0xFF, 0xAA, 0xDB, 0xFF,
    0xAA, 0xDB, 0xFF, 0xAA, 0xDB, 0xFF, 0xAA, 0xDB, 0xFF, 0xAA, 0xDB, 0xFF, 0xAA, 0xDB, 0xFF, 0xAA,
    0xDB, 0xCD, 0xCA, 0xDB, 0x33, 0xFF, 0xFF, 0x00, 0xFF, 0xFF, 0x00, 0xFF, 0xFF, 0x00, 0xFF, 0xFF,
    0x00, 0xFF, 0xFF, 0x00, 0xFF, 0xFF, 0x00, 0xFF, 0xFF, 0x00, 0xFF, 0xFF, 0x00, 0xFF, 0xFF, 0x00,
    0xFF, 0xFF, 0x00, 0xFF, 0xFF, 0x00, 0xFF, 0xFF, 0x00, 0xFF, 0xFF, 0x00, 0xFF, 0xFF, 0x00, 0xFF,
    0xFF, 0x00, 0xFF, 0xFF, 0x00, 0xFF, 0xFF, 0x00, 0xFF, 0xFF, 0x00, 0xCA, 0xDB, 0x31, 0xAA, 0xDB,
    0xCB, 0xAA, 0xDB, 0xFF, 0xAA, 0xDB, 0xFF, 0xAA, 0xDB, 0xFF, 0xAA, 0xDB, 0xFF, 0xAA, 0xDB, 0xFF,
    0xAA, 0xDB, 0xFF, 0xAA, 0xDB, 0xFF, 0xAA, 0xDB, 0xFF, 0xAA, 0xDB, 0xFF, 0xAA, 0xDB, 0xFF, 0xAA,
    0xDB, 0xFF, 0xAA, 0xDB, 0xFF, 0xAA, 0xDB, 0xFF, 0xAA, 0xDB, 0xFF, 0xAA, 0xDB, 0xFF, 0xAA, 0xDB,
    0xFF, 0xAA, 0xDB, 0xFF, 0xAA, 0xDB, 0xFF, 0xAA, 0xDB, 0xFF, 0xAA, 0xDB, 0xFF, 0xAA, 0xDB, 0xFF,
    0xAA, 0xDB, 0xFF, 0xAA, 0xDB, 0xFF, 0xAA, 0xDB, 0xFF, 0xAA, 0xDB, 0xFF, 0xAA, 0xDB, 0xFF, 0xAA,
    0xDB, 0xFF, 0xAA, 0xDB, 0xFF, 0xAA, 0xDB, 0xFF, 0xAA, 0xDB, 0xFF, 0xAA, 0xDB, 0xFF, 0xAA, 0xDB,
    0xFF, 0xAA, 0xDB, 0xFF, 0xAA, 0xDB, 0xFF, 0xAA, 0xDB, 0xFF, 0xAA, 0xDB, 0xFF, 0xAA, 0xDB, 0xFF,
    0xAA, 0xDB, 0xFF, 0xAA, 0xDB, 0xFF, 0xAA, 0xDB, 0xFF, 0xAA, 0xDB, 0xFF, 0xAA, 0xDB, 0xFF, 0xAA,
    0xDB, 0xFF, 0xAA, 0xDB, 0xFF, 0xAA, 0xDB, 0xFF, 0xAA, 0xDB, 0xFF, 0xAA, 0xDB, 0xFF, 0xAA, 0xDB,
    0xFF, 0xAA, 0xDB, 0xFF, 0xAA, 0xDB, 0xFF, 0xAA, 0xDB, 0xFF, 0xAA, 0xDB, 0xFF, 0xAA, 0xDB, 0xFF,
    0xAA, 0xDB, 0xFF, 0xAA, 0xDB, 0xFF, 0xAA, 0xDB, 0xFF, 0xAA, 0xDB, 0xFF, 0xAA, 0xDB, 0xFF, 0xAA,
    0xDB, 0xCD, 0xCA, 0xDB, 0x33, 0xFF, 0xFF, 0x00, 0xFF, 0xFF, 0x00, 0xFF, 0xFF, 0x00, 0xFF, 0xFF,
    0x00, 0xFF, 0xFF, 0x00, 0xFF, 0xFF, 0x00, 0xFF, 0xFF, 0x00, 0xFF, 0xFF, 0x00, 0xFF, 0xFF, 0x00,
    0xFF, 0xFF, 0x00, 0xFF, 0xFF, 0x00, 0xFF, 0xFF, 0x00, 0xFF, 0xFF, 0x00, 0xFF, 0xFF, 0x00, 0xFF,
    0xFF, 0x00, 0xFF, 0xFF, 0x00, 0xFF, 0xFF, 0x00, 0xFF, 0xFF, 0x00, 0xCA, 0xDB, 0x31, 0xAA, 0xDB,
    0xCB, 0xAA, 0xDB, 0xFF, 0xAA, 0xDB, 0xFF, 0xAA, 0xDB, 0xFF, 0xAA, 0xDB, 0xFF, 0xAA, 0xDB, 0xFF,
    0xAA, 0xDB, 0xFF, 0xAA, 0xDB, 0xFF, 0xAA, 0xDB, 0xFF, 0xAA, 0xDB, 0xFF, 0xAA, 0xDB, 0xFF, 0xAA,
    0xDB, 0xFF, 0xAA, 0xDB, 0xFF, 0xAA, 0xDB, 0xFF, 0xAA, 0xDB, 0xFF, 0xAA, 0xDB, 0xFF, 0xAA, 0xDB,
    0xFF, 0xAA, 0xDB, 0xFF, 0xAA, 0xDB, 0xFF, 0xAA, 0xDB, 0xFF, 0xAA, 0xDB, 0xFF, 0xAA, 0xDB, 0xFF,
    0xAA, 0xDB, 0xFF, 0xAA, 0xDB, 0xFF, 0xAA, 0xDB, 0xFF, 0xAA, 0xDB, 0xFF, 0xAA, 0xDB, 0xFF, 0xAA,
    0xDB, 0xFF, 0xAA, 0xDB, 0xFF, 0xAA, 0xDB, 0xFF, 0xAA, 0xDB, 0xFF, 0xAA, 0xDB, 0xFF, 0xAA, 0xDB,
    0xFF, 0xAA, 0xDB, 0xFF, 0xAA, 0xDB, 0xFF, 0xAA, 0xDB, 0xFF, 0xAA, 0xDB, 0xFF, 0xAA, 0xDB, 0xFF,
    0xAA, 0xDB, 0xFF, 0xAA, 0xDB, 0xFF, 0xAA, 0xDB, 0xFF, 0xAA, 0xDB, 0xFF, 0xAA, 0xDB, 0xFF, 0xAA,
    0xDB, 0xFF, 0xAA, 0xDB, 0xFF, 0xAA, 0xDB, 0xFF, 0xAA, 0xDB, 0xFF, 0xAA, 0xDB, 0xFF, 0xAA, 0xDB,
    0xFF, 0xAA, 0xDB, 0xFF, 0xAA, 0xDB, 0xFF, 0xAA, 0xDB, 0xFF, 0xAA, 0xDB, 0xFF, 0xAA, 0xDB, 0xFF,
    0xAA, 0xDB, 0xFF, 0xAA, 0xDB, 0xFF, 0xAA, 0xDB, 0xFF, 0xAA, 0xDB, 0xFF, 0xAA, 0xDB, 0xFF, 0xAA,
    0xDB, 0xCD, 0xCA, 0xDB, 0x33, 0xFF, 0xFF, 0x00, 0xFF, 0xFF, 0x00, 0xFF, 0xFF, 0x00, 0xFF, 0xFF,
    0x00, 0xFF, 0xFF, 0x00, 0xFF, 0xFF, 0x00, 0xFF, 0xFF, 0x00, 0xFF, 0xFF, 0x00, 0xFF, 0xFF, 0x00,
    0xFF, 0xFF, 0x00, 0xFF, 0xFF, 0x00, 0xFF, 0xFF, 0x00, 0xFF, 0xFF, 0x00, 0xFF, 0xFF, 0x00, 0xFF,
    0xFF, 0x00, 0xFF, 0xFF, 0x00, 0xFF, 0xFF, 0x00, 0xFF, 0xFF, 0x00, 0xCA, 0xDB, 0x31, 0xAA, 0xDB,
    0xCB, 0xAA, 0xDB, 0xFF, 0xAA, 0xDB, 0xFF, 0xAA, 0xDB, 0xFF, 0xAA, 0xDB, 0xFF, 0xAA, 0xDB, 0xFF,
    0xAA, 0xDB, 0xFF, 0xAA, 0xDB, 0xFF, 0xAA, 0xDB, 0xFF, 0xAA, 0xDB, 0xFF, 0xAA, 0xDB, 0xFF, 0xAA,
    0xDB, 0xFF, 0xAA, 0xDB, 0xFF, 0xAA, 0xDB, 0xFF, 0xAA, 0xDB, 0xFF, 0xAA, 0xDB, 0xFF, 0xAA, 0xDB,
    0xFF, 0xAA, 0xDB, 0xFF, 0xAA, 0xDB, 0xFF, 0xAA, 0xDB, 0xFF, 0xAA, 0xDB, 0xFF, 0xAA, 0xDB, 0xFF,
    0xAA, 0xDB, 0xFF, 0xAA, 0xDB, 0xFF, 0xAA, 0xDB, 0xFF, 0xAA, 0xDB, 0xFF, 0xAA, 0xDB, 0xFF, 0xAA,
    0xDB, 0xFF, 0xAA, 0xDB, 0xFF, 0xAA, 0xDB, 0xFF, 0xAA, 0xDB, 0xFF, 0xAA, 0xDB, 0xFF, 0xAA, 0xDB,
    0xFF, 0xAA, 0xDB, 0xFF, 0xAA, 0xDB, 0xFF, 0xAA, 0xDB, 0xFF, 0xAA, 0xDB, 0xFF, 0xAA, 0xDB, 0xFF,
    0xAA, 0xDB, 0xFF, 0xAA, 0xDB, 0xFF, 0xAA, 0xDB, 0xFF, 0xAA, 0xDB, 0xFF, 0xAA, 0xDB, 0xFF, 0xAA,
    0xDB, 0xFF, 0xAA, 0xDB, 0xFF, 0xAA, 0xDB, 0xFF, 0xAA, 0xDB, 0xFF, 0xAA, 0xDB, 0xFF, 0xAA, 0xDB,
    0xFF, 0xAA, 0xDB, 0xFF, 0xAA, 0xDB, 0xFF, 0xAA, 0xDB, 0xFF, 0xAA, 0xDB, 0xFF, 0xAA, 0xDB, 0xFF,
    0xAA, 0xDB, 0xFF, 0xAA, 0xDB, 0xFF, 0xAA, 0xDB, 0xFF, 0xAA, 0xDB, 0xFF, 0xAA, 0xDB, 0xFF, 0xAA,
    0xDB, 0xCD, 0xCA, 0xDB, 0x33, 0xFF, 0xFF, 0x00, 0xFF, 0xFF, 0x00, 0xFF, 0xFF, 0x00, 0xFF, 0xFF,
    0x00, 0xFF, 0xFF, 0x00, 0xFF, 0xFF, 0x00, 0xFF, 0xFF, 0x00, 0xFF, 0xFF, 0x00, 0xFF, 0xFF, 0x00,
    0xFF, 0xFF, 0x00, 0xFF, 0xFF, 0x00, 0xFF, 0xFF, 0x00, 0xFF, 0xFF, 0x00, 0xFF, 0xFF, 0x00, 0xFF,
    0xFF, 0x00, 0xFF, 0xFF, 0x00, 0xFF, 0xFF, 0x00, 0xFF, 0xFF, 0x00, 0xCA, 0xDB, 0x31, 0xAA, 0xDB,
    0xCB, 0xAA, 0xDB, 0xFF, 0xAA, 0xDB, 0xFF, 0xAA, 0xDB, 0xFF, 0xAA, 0xDB, 0xFF, 0xAA, 0xDB, 0xFF,
    0xAA, 0xDB, 0xFF, 0xAA, 0xDB, 0xFF, 0xAA, 0xDB, 0xFF, 0xAA, 0xDB, 0xFF, 0xAA, 0xDB, 0xFF, 0xAA,
    0xDB, 0xFF, 0xAA, 0xDB, 0xFF, 0xAA, 0xDB, 0xFF, 0xAA, 0xDB, 0xFF, 0xAA, 0xDB, 0xFF, 0xAA, 0xDB,
    0xFF, 0xAA, 0xDB, 0xFF, 0xAA, 0xDB, 0xFF, 0xAA, 0xDB, 0xFF, 0xAA, 0xDB, 0xFF, 0xAA, 0xDB, 0xFF,
    0xAA, 0xDB, 0xFF, 0xAA, 0xDB, 0xFF, 0xAA, 0xDB, 0xFF, 0xAA, 0xDB, 0xFF, 0xAA, 0xDB, 0xFF, 0xAA,
    0xDB, 0xFF, 0xAA, 0xDB, 0xFF, 0xAA, 0xDB, 0xFF, 0xAA, 0xDB, 0xFF, 0xAA, 0xDB, 0xFF, 0xAA, 0xDB,
    0xFF, 0xAA, 0xDB, 0xFF, 0xAA, 0xDB, 0xFF, 0xAA, 0xDB, 0xFF, 0xAA, 0xDB, 0xFF, 0xAA, 0xDB, 0xFF,
    0xAA, 0xDB, 0xFF, 0xAA, 0xDB, 0xFF, 0xAA, 0xDB, 0xFF, 0xAA, 0xDB, 0xFF, 0xAA, 0xDB, 0xFF, 0xAA,
    0xDB, 0xFF, 0xAA, 0xDB, 0xFF, 0xAA, 0xDB, 0xFF, 0xAA, 0xDB, 0xFF, 0xAA, 0xDB, 0xFF, 0xAA, 0xDB,
    0xFF, 0xAA, 0xDB, 0xFF, 0xAA, 0xDB, 0xFF, 0xAA, 0xDB, 0xFF, 0xAA, 0xDB, 0xFF, 0xAA, 0xDB, 0xFF,
    0xAA, 0xDB, 0xFF, 0xAA, 0xDB, 0xFF, 0xAA, 0xDB, 0xFF, 0xAA, 0xDB, 0xFF, 0xAA, 0xDB, 0xFF, 0xAA,
    0xDB, 0xCD, 0xCA, 0xDB, 0x33, 0xFF, 0xFF, 0x00, 0xFF, 0xFF, 0x00, 0xFF, 0xFF, 0x00, 0xFF, 0xFF,
    0x00, 0xFF, 0xFF, 0x00, 0xFF, 0xFF, 0x00, 0xFF, 0xFF, 0x00, 0xFF, 0xFF, 0x00, 0xFF, 0xFF, 0x00,
    0xFF, 0xFF, 0x00, 0xFF, 0xFF, 0x00, 0xFF, 0xFF, 0x00, 0xFF, 0xFF, 0x00, 0xFF, 0xFF, 0x00, 0xFF,
    0xFF, 0x00, 0xFF, 0xFF, 0x00, 0xFF, 0xFF, 0x00, 0xFF, 0xFF, 0x00, 0xCA, 0xDB, 0x31, 0xAA, 0xDB,
    0xCB, 0xAA, 0xDB, 0xFF, 0xAA, 0xDB, 0xFF, 0xAA, 0xDB, 0xFF, 0xAA, 0xDB, 0xFF, 0xAA, 0xDB, 0xFF,
    0xAA, 0xDB, 0xFF, 0xAA, 0xDB, 0xFF, 0xAA, 0xDB, 0xFF, 0xAA, 0xDB, 0xFF, 0xAA, 0xDB, 0xFF, 0xAA,
    0xDB, 0xFF, 0xAA, 0xDB, 0xFF, 0xAA, 0xDB, 0xFF, 0xAA, 0xDB, 0xFF, 0xAA, 0xDB, 0xFF, 0xAA, 0xDB,
    0xFF, 0xAA, 0xDB, 0xFF, 0xAA, 0xDB, 0xFF, 0xAA, 0xDB, 0xFF, 0xAA, 0xDB, 0xFF, 0xAA, 0xDB, 0xFF,
    0xAA, 0xDB, 0xFF, 0xAA, 0xDB, 0xFF, 0xAA, 0xDB, 0xFF, 0xAA, 0xDB, 0xFF, 0xAA, 0xDB, 0xFF, 0xAA,
    0xDB, 0xFF, 0xAA, 0xDB, 0xFF, 0xAA, 0xDB, 0xFF, 0xAA, 0xDB, 0xFF, 0xAA, 0xDB, 0xFF, 0xAA, 0xDB,
    0xFF, 0xAA, 0xDB, 0xFF, 0xAA, 0xDB, 0xFF, 0xAA, 0xDB, 0xFF, 0xAA, 0xDB, 0xFF, 0xAA, 0xDB, 0xFF,
    0xAA, 0xDB, 0xFF, 0xAA, 0xDB, 0xFF, 0xAA, 0xDB, 0xFF, 0xAA, 0xDB, 0xFF, 0xAA, 0xDB, 0xFF, 0xAA,
    0xDB, 0xFF, 0xAA, 0xDB, 0xFF, 0xAA, 0xDB, 0xFF, 0xAA, 0xDB, 0xFF, 0xAA, 0xDB, 0xFF, 0xAA, 0xDB,
    0xFF, 0xAA, 0xDB, 0xFF, 0xAA, 0xDB, 0xFF, 0xAA, 0xDB, 0xFF, 0xAA, 0xDB, 0xFF, 0xAA, 0xDB, 0xFF,
    0xAA, 0xDB, 0xFF, 0xAA, 0xDB, 0xFF, 0xAA, 0xDB, 0xFF, 0xAA, 0xDB, 0xFF, 0xAA, 0xDB, 0xFF, 0xAA,
    0xDB, 0xCD, 0xCA, 0xDB, 0x33, 0xFF, 0xFF, 0x00, 0xFF, 0xFF, 0x00, 0xFF, 0xFF, 0x00, 0xFF, 0xFF,
    0x00, 0xFF, 0xFF, 0x00, 0xFF, 0xFF, 0x00, 0xFF, 0xFF, 0x00, 0xFF, 0xFF, 0x00, 0xFF, 0xFF, 0x00,
    0xFF, 0xFF, 0x00, 0xFF, 0xFF, 0x00, 0xFF, 0xFF, 0x00, 0xFF, 0xFF, 0x00, 0xFF, 0xFF, 0x00, 0xFF,
    0xFF, 0x00, 0xFF, 0xFF, 0x00, 0xFF, 0xFF, 0x00, 0xFF, 0xFF, 0x00, 0xCA, 0xDB, 0x31, 0xAA, 0xDB,
    0xCB, 0xAA, 0xDB, 0xFF, 0xAA, 0xDB, 0xFF, 0xAA, 0xDB, 0xFF, 0xAA, 0xDB, 0xFF, 0xAA, 0xDB, 0xFF,
    0xAA, 0xDB, 0xFF, 0xAA, 0xDB, 0xFF, 0xAA, 0xDB, 0xFF, 0xAA, 0xDB, 0xFF, 0xAA, 0xDB, 0xFF, 0xAA,
    0xDB, 0xFF, 0xAA, 0xDB, 0xFF, 0xAA, 0xDB, 0xFF, 0xAA, 0xDB, 0xFF, 0xAA, 0xDB, 0xFF, 0xAA, 0xDB,
    0xFF, 0xAA, 0xDB, 0xFF, 0xAA, 0xDB, 0xFF, 0xAA, 0xDB, 0xFF, 0xAA, 0xDB, 0xFF, 0xAA, 0xDB, 0xFF,
    0xAA, 0xDB, 0xFF, 0xAA, 0xDB, 0xFF, 0xAA, 0xDB, 0xFF, 0xAA, 0xDB, 0xFF, 0xAA, 0xDB, 0xFF, 0xAA,
    0xDB, 0xFF, 0xAA, 0xDB, 0xFF, 0xAA, 0xDB, 0xFF, 0xAA, 0xDB, 0xFF, 0xAA, 0xDB, 0xFF, 0xAA, 0xDB,
    0xFF, 0xAA, 0xDB, 0xFF, 0xAA, 0xDB, 0xFF, 0xAA, 0xDB, 0xFF, 0xAA, 0xDB, 0xFF, 0xAA, 0xDB, 0xFF,
    0xAA, 0xDB, 0xFF, 0xAA, 0xDB, 0xFF, 0xAA, 0xDB, 0xFF, 0xAA, 0xDB, 0xFF, 0xAA, 0xDB, 0xFF, 0xAA,
    0xDB, 0xFF, 0xAA, 0xDB, 0xFF, 0xAA, 0xDB, 0xFF, 0xAA, 0xDB, 0xFF, 0xAA, 0xDB, 0xFF, 0xAA, 0xDB,
    0xFF, 0xAA, 0xDB, 0xFF, 0xAA, 0xDB, 0xFF, 0xAA, 0xDB, 0xFF, 0xAA, 0xDB, 0xFF, 0xAA, 0xDB, 0xFF,
    0xAA, 0xDB, 0xFF, 0xAA, 0xDB, 0xFF, 0xAA, 0xDB, 0xFF, 0xAA, 0xDB, 0xFF, 0xAA, 0xDB, 0xFF, 0xAA,
    0xDB, 0xCD, 0xCA, 0xDB, 0x33, 0xFF, 0xFF, 0x00, 0xFF, 0xFF, 0x00, 0xFF, 0xFF, 0x00, 0xFF, 0xFF,
    0x00, 0xFF, 0xFF, 0x00, 0xFF, 0xFF, 0x00, 0xFF, 0xFF, 0x00, 0xFF, 0xFF, 0x00, 0xFF, 0xFF, 0x00,
    0xFF, 0xFF, 0x00, 0xFF, 0xFF, 0x00, 0xFF, 0xFF, 0x00, 0xFF, 0xFF, 0x00, 0xFF, 0xFF, 0x00, 0xFF,
    0xFF, 0x00, 0xFF, 0xFF, 0x00, 0xFF, 0xFF, 0x00, 0xFF, 0xFF, 0x00, 0xCA, 0xDB, 0x31, 0xAA, 0xDB,
    0xCB, 0xAA, 0xDB, 0xFF, 0xAA, 0xDB, 0xFF, 0xAA, 0xDB, 0xFF, 0xAA, 0xDB, 0xFF, 0xAA, 0xDB, 0xFF,
    0xAA, 0xDB, 0xFF, 0xAA, 0xDB, 0xFF, 0xAA, 0xDB, 0xFF, 0xAA, 0xDB, 0xFF, 0xAA, 0xDB, 0xFF, 0xAA,
    0xDB, 0xFF, 0xAA, 0xDB, 0xFF, 0xAA, 0xDB, 0xFF, 0xAA, 0xDB, 0xFF, 0xAA, 0xDB, 0xFF, 0xAA, 0xDB,
    0xFF, 0xAA, 0xDB, 0xFF, 0xAA, 0xDB, 0xFF, 0xAA, 0xDB, 0xFF, 0xAA, 0xDB, 0xFF, 0xAA, 0xDB, 0xFF,
    0xAA, 0xDB, 0xFF, 0xAA, 0xDB, 0xFF, 0xAA, 0xDB, 0xFF, 0xAA, 0xDB, 0xFF, 0xAA, 0xDB, 0xFF, 0xAA,
    0xDB, 0xFF, 0xAA, 0xDB, 0xFF, 0xAA, 0xDB, 0xFF, 0xAA, 0xDB, 0xFF, 0xAA, 0xDB, 0xFF, 0xAA, 0xDB,
    0xFF, 0xAA, 0xDB, 0xFF, 0xAA, 0xDB, 0xFF, 0xAA, 0xDB, 0xFF, 0xAA, 0xDB, 0xFF, 0xAA, 0xDB, 0xFF,
    0xAA, 0xDB, 0xFF, 0xAA, 0xDB, 0xFF, 0xAA, 0xDB, 0xFF, 0xAA, 0xDB, 0xFF, 0xAA, 0xDB, 0xFF, 0xAA,
    0xDB, 0xFF, 0xAA, 0xDB, 0xFF, 0xAA, 0xDB, 0xFF, 0xAA, 0xDB, 0xFF, 0xAA, 0xDB, 0xFF, 0xAA, 0xDB,
    0xFF, 0xAA, 0xDB, 0xFF, 0xAA, 0xDB, 0xFF, 0xAA, 0xDB, 0xFF, 0xAA, 0xDB, 0xFF, 0xAA, 0xDB, 0xFF,
    0xAA, 0xDB, 0xFF, 0xAA, 0xDB, 0xFF, 0xAA, 0xDB, 0xFF, 0xAA, 0xDB, 0xFF, 0xAA, 0xDB, 0xFF, 0xAA,
    0xDB, 0xCD, 0xCA, 0xDB, 0x33, 0xFF, 0xFF, 0x00, 0xFF, 0xFF, 0x00, 0xFF, 0xFF, 0x00, 0xFF, 0xFF,
    0x00, 0xFF, 0xFF, 0x00, 0xFF, 0xFF, 0x00, 0xFF, 0xFF, 0x00, 0xFF, 0xFF, 0x00, 0xFF, 0xFF, 0x00,
    0xFF, 0xFF, 0x00, 0xFF, 0xFF, 0x00, 0xFF, 0xFF, 0x00, 0xFF, 0xFF, 0x00, 0xFF, 0xFF, 0x00, 0xFF,
    0xFF, 0x00, 0xFF, 0xFF, 0x00, 0xFF, 0xFF, 0x00, 0xFF, 0xFF, 0x00, 0xCA, 0xDB, 0x31, 0xAA, 0xDB,
    0xCB, 0xAA, 0xDB, 0xFF, 0xAA, 0xDB, 0xFF, 0xAA, 0xDB, 0xFF, 0xAA, 0xDB, 0xFF, 0xAA, 0xDB, 0xFF,
    0xAA, 0xDB, 0xFF, 0xAA, 0xDB, 0xFF, 0xAA, 0xDB, 0xFF, 0xAA, 0xDB, 0xEB, 0xAA, 0xDB, 0xAE, 0xAA,
    0xDB, 0x99, 0xAA, 0xDB, 0x99, 0xAA, 0xDB, 0x99, 0xAA, 0xDB, 0xAD, 0xAA, 0xDB, 0xEA, 0xAA, 0xDB,
    0xFF, 0xAA, 0xDB, 0xFF, 0xAA, 0xDB, 0xFF, 0xAA, 0xDB, 0xFF, 0xAA, 0xDB, 0xFF, 0xAA, 0xDB, 0xFF,
    0xAA, 0xDB, 0xFF, 0xAA, 0xDB, 0xFF, 0xAA, 0xDB, 0xFF, 0xAA, 0xDB, 0xFF, 0xAA, 0xDB, 0xFF, 0xAA,
    0xDB, 0xFF, 0xAA, 0xDB, 0xFF, 0xAA, 0xDB, 0xFF, 0xAA, 0xDB, 0xFF, 0xAA, 0xDB, 0xFF, 0xAA, 0xDB,
    0xFF, 0xAA, 0xDB, 0xFF, 0xAA, 0xDB, 0xFF, 0xAA, 0xDB, 0xFF, 0xAA, 0xDB, 0xFF, 0xAA, 0xDB, 0xFF,
    0xAA, 0xDB, 0xFF, 0xAA, 0xDB, 0xFF, 0xAA, 0xDB, 0xFF, 0xAA, 0xDB, 0xFF, 0xAA, 0xDB, 0xFF, 0xAA,
    0xDB, 0xFF, 0xAA, 0xDB, 0xEB, 0xAA, 0xDB, 0xAE, 0xAA, 0xDB, 0x99, 0xAA, 0xDB, 0x99, 0xAA, 0xDB,
    0x99, 0xAA, 0xDB, 0xAD, 0xAA, 0xDB, 0xEA, 0xAA, 0xDB, 0xFF, 0xAA, 0xDB, 0xFF, 0xAA, 0xDB, 0xFF,
    0xAA, 0xDB, 0xFF, 0xAA, 0xDB, 0xFF, 0xAA, 0xDB, 0xFF, 0xAA, 0xDB, 0xFF, 0xAA, 0xDB, 0xFF, 0xAA,
    0xDB, 0xCD, 0xCA, 0xDB, 0x33, 0xFF, 0xFF, 0x00, 0xFF, 0xFF, 0x00, 0xFF, 0xFF, 0x00, 0xFF, 0xFF,
    0x00, 0xFF, 0xFF, 0x00, 0xFF, 0xFF, 0x00, 0xFF, 0xFF, 0x00, 0xFF, 0xFF, 0x00, 0xFF, 0xFF, 0x00,
    0xFF, 0xFF, 0x00, 0xFF, 0xFF, 0x00, 0xFF, 0xFF, 0x00, 0xFF, 0xFF, 0x00, 0xFF, 0xFF, 0x00, 0xFF,
    0xFF, 0x00, 0xFF, 0xFF, 0x00, 0xFF, 0xFF, 0x00, 0xFF, 0xFF, 0x00, 0xCA, 0xDB, 0x31, 0xAA, 0xDB,
    0xCB, 0xAA, 0xDB, 0xFF, 0xAA, 0xDB, 0xFF, 0xAA, 0xDB, 0xFF, 0xAA, 0xDB, 0xFF, 0xAA, 0xDB, 0xFF,
    0xAA, 0xDB, 0xFF, 0xAA, 0xDB, 0xFF, 0xAA, 0xDB, 0xFF, 0xAA, 0xDB, 0xCD, 0x8A, 0xDB, 0x35, 0x00,
    0xF8, 0x01, 0x00, 0xF8, 0x01, 0x00, 0xF8, 0x01, 0x8A, 0xD3, 0x33, 0xAA, 0xDB, 0xCB, 0xAA, 0xDB,
    0xFF, 0xAA, 0xDB, 0xFF, 0xAA, 0xDB, 0xFF, 0xAA, 0xDB, 0xFF, 0xAA, 0xDB, 0xFF, 0xAA, 0xDB, 0xFF,
    0xAA, 0xDB, 0xFF, 0xAA, 0xDB, 0xFF, 0xAA, 0xDB, 0xFF, 0xAA, 0xDB, 0xFF, 0xAA, 0xDB, 0xFF, 0xAA,
    0xDB, 0xFF, 0xAA, 0xDB, 0xFF, 0xAA, 0xDB, 0xFF, 0xAA, 0xDB, 0xFF, 0xAA, 0xDB, 0xFF, 0xAA, 0xDB,
    0xFF, 0xAA, 0xDB, 0xFF, 0xAA, 0xDB, 0xFF, 0xAA, 0xDB, 0xFF, 0xAA, 0xDB, 0xFF, 0xAA, 0xDB, 0xFF,
    0xAA, 0xDB, 0xFF, 0xAA, 0xDB, 0xFF, 0xAA, 0xDB, 0xFF, 0xAA, 0xDB, 0xFF, 0xAA, 0xDB, 0xFF, 0xAA,
    0xDB, 0xFF, 0xAA, 0xDB, 0xCD, 0x8A, 0xDB, 0x35, 0x00, 0xF8, 0x01, 0x00, 0xF8, 0x01, 0x00, 0xF8,
    0x01, 0x8A, 0xD3, 0x33, 0xAA, 0xDB, 0xCB, 0xAA, 0xDB, 0xFF, 0xAA, 0xDB, 0xFF, 0xAA, 0xDB, 0xFF,
    0xAA, 0xDB, 0xFF, 0xAA, 0xDB, 0xFF, 0xAA, 0xDB, 0xFF, 0xAA, 0xDB, 0xFF, 0xAA, 0xDB, 0xFF, 0xAA,
    0xDB, 0xCD, 0xCA, 0xDB, 0x33, 0xFF, 0xFF, 0x00, 0xFF, 0xFF, 0x00, 0xFF, 0xFF, 0x00, 0xFF, 0xFF,
    0x00, 0xFF, 0xFF, 0x00, 0xFF, 0xFF, 0x00, 0xFF, 0xFF, 0x00, 0xFF, 0xFF, 0x00, 0xFF, 0xFF, 0x00,
    0xFF, 0xFF, 0x00, 0xFF, 0xFF, 0x00, 0xFF, 0xFF, 0x00, 0xFF, 0xFF, 0x00, 0xFF, 0xFF, 0x00, 0xFF,
    0xFF, 0x00, 0xFF, 0xFF, 0x00, 0xFF, 0xFF, 0x00, 0xFF, 0xFF, 0x00, 0xCA, 0xDB, 0x31, 0xAA, 0xDB,
    0xCB, 0xAA, 0xDB, 0xFF, 0xAA, 0xDB, 0xFF, 0xAA, 0xDB, 0xFF, 0xAA, 0xDB, 0xFF, 0xAA, 0xDB, 0xFF,
    0xAA, 0xDB, 0xFF, 0xAA, 0xDB, 0xFF, 0xAA, 0xDB, 0xFF, 0xAA, 0xDB, 0xCD, 0xCA, 0xDB, 0x33, 0xFF,
    0xFF, 0x00, 0xFF, 0xFF, 0x00, 0xFF, 0xFF, 0x00, 0xCA, 0xDB, 0x31, 0xAA, 0xDB, 0xCB, 0xAA, 0xDB,
    0xFF, 0xAA, 0xDB, 0xFF, 0xAA, 0xDB, 0xFF, 0xAA, 0xDB, 0xFF, 0xAA, 0xDB, 0xFF, 0xAA, 0xDB, 0xFF,
    0xAA, 0xDB, 0xFF, 0xAA, 0xDB, 0xFF, 0xAA, 0xDB, 0xFF, 0xAA, 0xDB, 0xFF, 0xAA, 0xDB, 0xFF, 0xAA,
    0xDB, 0xFF, 0xAA, 0xDB, 0xFF, 0xAA, 0xDB, 0xFF, 0xAA, 0xDB, 0xFF, 0xAA, 0xDB, 0xFF, 0xAA, 0xDB,
    0xFF, 0xAA, 0xDB, 0xFF, 0xAA, 0xDB, 0xFF, 0xAA, 0xDB, 0xFF, 0xAA, 0xDB, 0xFF, 0xAA, 0xDB, 0xFF,
    0xAA, 0xDB, 0xFF, 0xAA, 0xDB, 0xFF, 0xAA, 0xDB, 0xFF, 0xAA, 0xDB, 0xFF, 0xAA, 0xDB, 0xFF, 0xAA,
    0xDB, 0xFF, 0xAA, 0xDB, 0xCD, 0xCA, 0xDB, 0x33, 0xFF, 0xFF, 0x00, 0xFF, 0xFF, 0x00, 0xFF, 0xFF,
    0x00, 0xCA, 0xDB, 0x31, 0xAA, 0xDB, 0xCB, 0xAA, 0xDB, 0xFF, 0xAA, 0xDB, 0xFF, 0xAA, 0xDB, 0xFF,
    0xAA, 0xDB, 0xFF, 0xAA, 0xDB, 0xFF, 0xAA, 0xDB, 0xFF, 0xAA, 0xDB, 0xFF, 0xAA, 0xDB, 0xFF, 0xAA,
    0xDB, 0xCD, 0xCA, 0xDB, 0x33, 0xFF, 0xFF, 0x00, 0xFF, 0xFF, 0x00, 0xFF, 0xFF, 0x00, 0xFF, 0xFF,
    0x00, 0xFF, 0xFF, 0x00, 0xFF, 0xFF, 0x00, 0xFF, 0xFF, 0x00, 0xFF, 0xFF, 0x00, 0xFF, 0xFF, 0x00,
    0xFF, 0xFF, 0x00, 0xFF, 0xFF, 0x00, 0xFF, 0xFF, 0x00, 0xFF, 0xFF, 0x00, 0xFF, 0xFF, 0x00, 0xFF,
    0xFF, 0x00, 0xFF, 0xFF, 0x00, 0xFF, 0xFF, 0x00, 0xFF, 0xFF, 0x00, 0xCA, 0xDB, 0x31, 0xAA, 0xDB,
    0xCB, 0xAA, 0xDB, 0xFF, 0xAA, 0xDB, 0xFF, 0xAA, 0xDB, 0xFF, 0xAA, 0xDB, 0xFF, 0xAA, 0xDB, 0xFF,
    0xAA, 0xDB, 0xFF, 0xAA, 0xDB, 0xFF, 0xAA, 0xDB, 0xFF, 0xAA, 0xDB, 0xCD, 0xCA, 0xDB, 0x33, 0xFF,
    0xFF, 0x00, 0xFF, 0xFF, 0x00, 0xFF, 0xFF, 0x00, 0xCA, 0xDB, 0x31, 0xAA, 0xDB, 0xCB, 0xAA, 0xDB,
    0xFF, 0xAA, 0xDB, 0xFF, 0xAA, 0xDB, 0xFF, 0xAA, 0xDB, 0xFF, 0xAA, 0xDB, 0xFF, 0xAA, 0xDB, 0xFF,
    0xAA, 0xDB, 0xFF, 0xAA, 0xDB, 0xFF, 0xAA, 0xDB, 0xFF, 0xAA, 0xDB, 0xFF, 0xAA, 0xDB, 0xFF, 0xAA,
    0xDB, 0xFF, 0xAA, 0xDB, 0xFF, 0xAA, 0xDB, 0xFF, 0xAA, 0xDB, 0xFF, 0xAA, 0xDB, 0xFF, 0xAA, 0xDB,
    0xFF, 0xAA, 0xDB, 0xFF, 0xAA, 0xDB, 0xFF, 0xAA, 0xDB, 0xFF, 0xAA, 0xDB, 0xFF, 0xAA, 0xDB, 0xFF,
    0xAA, 0xDB, 0xFF, 0xAA, 0xDB, 0xFF, 0xAA, 0xDB, 0xFF, 0xAA, 0xDB, 0xFF, 0xAA, 0xDB, 0xFF, 0xAA,
    0xDB, 0xFF, 0xAA, 0xDB, 0xCD, 0xCA, 0xDB, 0x33, 0xFF, 0xFF, 0x00, 0xFF, 0xFF, 0x00, 0xFF, 0xFF,
    0x00, 0xCA, 0xDB, 0x31, 0xAA, 0xDB, 0xCB, 0xAA, 0xDB, 0xFF, 0xAA, 0xDB, 0xFF, 0xAA, 0xDB, 0xFF,
    0xAA, 0xDB, 0xFF, 0xAA, 0xDB, 0xFF, 0xAA, 0xDB, 0xFF, 0xAA, 0xDB, 0xFF, 0xAA, 0xDB, 0xFF, 0xAA,
    0xDB, 0xCD, 0xCA, 0xDB, 0x33, 0xFF, 0xFF, 0x00, 0xFF, 0xFF, 0x00, 0xFF, 0xFF, 0x00, 0xFF, 0xFF,
    0x00, 0xFF, 0xFF, 0x00, 0xFF, 0xFF, 0x00, 0xFF, 0xFF, 0x00, 0xFF, 0xFF, 0x00, 0xFF, 0xFF, 0x00,
    0xFF, 0xFF, 0x00, 0xFF, 0xFF, 0x00, 0xFF, 0xFF, 0x00, 0xFF, 0xFF, 0x00, 0xFF, 0xFF, 0x00, 0xFF,
    0xFF, 0x00, 0xFF, 0xFF, 0x00, 0xFF, 0xFF, 0x00, 0xFF, 0xFF, 0x00, 0xCA, 0xDB, 0x31, 0xAA, 0xDB,
    0xCB, 0xAA, 0xDB, 0xFF, 0xAA, 0xDB, 0xFF, 0xAA, 0xDB, 0xFF, 0xAA, 0xDB, 0xFF, 0xAA, 0xDB, 0xFF,
    0xAA, 0xDB, 0xFF, 0xAA, 0xDB, 0xFF, 0xAA, 0xDB, 0xFF, 0xAA, 0xDB, 0xCD, 0xCA, 0xDB, 0x33, 0xFF,
    0xFF, 0x00, 0xFF, 0xFF, 0x00, 0xFF, 0xFF, 0x00, 0xCA, 0xDB, 0x31, 0xAA, 0xDB, 0xCB, 0xAA, 0xDB,
    0xFF, 0xAA, 0xDB, 0xFF, 0xAA, 0xDB, 0xFF, 0xAA, 0xDB, 0xFF, 0xAA, 0xDB, 0xFF, 0xAA, 0xDB, 0xFF,
    0xAA, 0xDB, 0xFF, 0xAA, 0xDB, 0xFF, 0xAA, 0xDB, 0xFF, 0xAA, 0xDB, 0xFF, 0xAA, 0xDB, 0xFF, 0xAA,
    0xDB, 0xFF, 0xAA, 0xDB, 0xFF, 0xAA, 0xDB, 0xFF, 0xAA, 0xDB, 0xFF, 0xAA, 0xDB, 0xFF, 0xAA, 0xDB,
    0xFF, 0xAA, 0xDB, 0xFF, 0xAA, 0xDB, 0xFF, 0xAA, 0xDB, 0xFF, 0xAA, 0xDB, 0xFF, 0xAA, 0xDB, 0xFF,
    0xAA, 0xDB, 0xFF, 0xAA, 0xDB, 0xFF, 0xAA, 0xDB, 0xFF, 0xAA, 0xDB, 0xFF, 0xAA, 0xDB, 0xFF, 0xAA,
    0xDB, 0xFF, 0xAA, 0xDB, 0xCD, 0xCA, 0xDB, 0x33, 0xFF, 0xFF, 0x00, 0xFF, 0xFF, 0x00, 0xFF, 0xFF,
    0x00, 0xCA, 0xDB, 0x31, 0xAA, 0xDB, 0xCB, 0xAA, 0xDB, 0xFF, 0xAA, 0xDB, 0xFF, 0xAA, 0xDB, 0xFF,
    0xAA, 0xDB, 0xFF, 0xAA, 0xDB, 0xFF, 0xAA, 0xDB, 0xFF, 0xAA, 0xDB, 0xFF, 0xAA, 0xDB, 0xFF, 0xAA,
    0xDB, 0xCD, 0xCA, 0xDB, 0x33, 0xFF, 0xFF, 0x00, 0xFF, 0xFF, 0x00, 0xFF, 0xFF, 0x00, 0xFF, 0xFF,
    0x00, 0xFF, 0xFF, 0x00, 0xFF, 0xFF, 0x00, 0xFF, 0xFF, 0x00, 0xFF, 0xFF, 0x00, 0xFF, 0xFF, 0x00,
    0xFF, 0xFF, 0x00, 0xFF, 0xFF, 0x00, 0xFF, 0xFF, 0x00, 0xFF, 0xFF, 0x00, 0xFF, 0xFF, 0x00, 0xFF,
    0xFF, 0x00, 0xFF, 0xFF, 0x00, 0xFF, 0xFF, 0x00, 0xFF, 0xFF, 0x00, 0xCA, 0xDB, 0x31, 0xAA, 0xDB,
    0xCB, 0xAA, 0xDB, 0xFF, 0xAA, 0xDB, 0xFF, 0xAA, 0xDB, 0xFF, 0xAA, 0xDB, 0xFF, 0xAA, 0xDB, 0xFF,
    0xAA, 0xDB, 0xFF, 0xAA, 0xDB, 0xFF, 0xAA, 0xDB, 0xFF, 0xAA, 0xDB, 0xCD, 0xCA, 0xDB, 0x33, 0xFF,
    0xFF, 0x00, 0xFF, 0xFF, 0x00, 0xFF, 0xFF, 0x00, 0xCA, 0xDB, 0x31, 0xAA, 0xDB, 0xCB, 0xAA, 0xDB,
    0xFF, 0xAA, 0xDB, 0xFF, 0xAA, 0xDB, 0xFF, 0xAA, 0xDB, 0xFF, 0xAA, 0xDB, 0xFF, 0xAA, 0xDB, 0xFF,
    0xAA, 0xDB, 0xFF, 0xAA, 0xDB, 0xFF, 0xAA, 0xDB, 0xFF, 0xAA, 0xDB, 0xFF, 0xAA, 0xDB, 0xFF, 0xAA,
    0xDB, 0xFF, 0xAA, 0xDB, 0xFF, 0xAA, 0xDB, 0xFF, 0xAA, 0xDB, 0xFF, 0xAA, 0xDB, 0xFF, 0xAA, 0xDB,
    0xFF, 0xAA, 0xDB, 0xFF, 0xAA, 0xDB, 0xFF, 0xAA, 0xDB, 0xFF, 0xAA, 0xDB, 0xFF, 0xAA, 0xDB, 0xFF,
    0xAA, 0xDB, 0xFF, 0xAA, 0xDB, 0xFF, 0xAA, 0xDB, 0xFF, 0xAA, 0xDB, 0xFF, 0xAA, 0xDB, 0xFF, 0xAA,
    0xDB, 0xFF, 0xAA, 0xDB, 0xCD, 0xCA, 0xDB, 0x33, 0xFF, 0xFF, 0x00, 0xFF, 0xFF, 0x00, 0xFF, 0xFF,
    0x00, 0xCA, 0xDB, 0x31, 0xAA, 0xDB, 0xCB, 0xAA, 0xDB, 0xFF, 0xAA, 0xDB, 0xFF, 0xAA, 0xDB, 0xFF,
    0xAA, 0xDB, 0xFF, 0xAA, 0xDB, 0xFF, 0xAA, 0xDB, 0xFF, 0xAA, 0xDB, 0xFF, 0xAA, 0xDB, 0xFF, 0xAA,
    0xDB, 0xCD, 0xCA, 0xDB, 0x33, 0xFF, 0xFF, 0x00, 0xFF, 0xFF, 0x00, 0xFF, 0xFF, 0x00, 0xFF, 0xFF,
    0x00, 0xFF, 0xFF, 0x00, 0xFF, 0xFF, 0x00, 0xFF, 0xFF, 0x00, 0xFF, 0xFF, 0x00, 0xFF, 0xFF, 0x00,
    0xFF, 0xFF, 0x00, 0xFF, 0xFF, 0x00, 0xFF, 0xFF, 0x00, 0xFF, 0xFF, 0x00, 0xFF, 0xFF, 0x00, 0xFF,
    0xFF, 0x00, 0xFF, 0xFF, 0x00, 0xFF, 0xFF, 0x00, 0xFF, 0xFF, 0x00, 0xCA, 0xDB, 0x31, 0xAA, 0xDB,
    0xCB, 0xAA, 0xDB, 0xFF, 0xAA, 0xDB, 0xFF, 0xAA, 0xDB, 0xFF, 0xAA, 0xDB, 0xFF, 0xAA, 0xDB, 0xFF,
    0xAA, 0xDB, 0xFF, 0xAA, 0xDB, 0xFF, 0xAA, 0xDB, 0xFF, 0xAA, 0xDB, 0xCD, 0xCA, 0xDB, 0x33, 0xFF,
    0xFF, 0x00, 0xFF, 0xFF, 0x00, 0xFF, 0xFF, 0x00, 0xCA, 0xDB, 0x31, 0xAA, 0xDB, 0xCB, 0xAA, 0xDB,
    0xFF, 0xAA, 0xDB, 0xFF, 0xAA, 0xDB, 0xFF, 0xAA, 0xDB, 0xFF, 0xAA, 0xDB, 0xFF, 0xAA, 0xDB, 0xFF,
    0xAA, 0xDB, 0xFF, 0xAA, 0xDB, 0xFF, 0xAA, 0xDB, 0xFF, 0xAA, 0xDB, 0xFF, 0xAA, 0xDB, 0xFF, 0xAA,
    0xDB, 0xFF, 0xAA, 0xDB, 0xFF, 0xAA, 0xDB, 0xFF, 0xAA, 0xDB, 0xFF, 0xAA, 0xDB, 0xFF, 0xAA, 0xDB,
    0xFF, 0xAA, 0xDB, 0xFF, 0xAA, 0xDB, 0xFF, 0xAA, 0xDB, 0xFF, 0xAA, 0xDB, 0xFF, 0xAA, 0xDB, 0xFF,
    0xAA, 0xDB, 0xFF, 0xAA, 0xDB, 0xFF, 0xAA, 0xDB, 0xFF, 0xAA, 0xDB, 0xFF, 0xAA, 0xDB, 0xFF, 0xAA,
    0xDB, 0xFF, 0xAA, 0xDB, 0xCD, 0xCA, 0xDB, 0x33, 0xFF, 0xFF, 0x00, 0xFF, 0xFF, 0x00, 0xFF, 0xFF,
    0x00, 0xCA, 0xDB, 0x31, 0xAA, 0xDB, 0xCB, 0xAA, 0xDB, 0xFF, 0xAA, 0xDB, 0xFF, 0xAA, 0xDB, 0xFF,
    0xAA, 0xDB, 0xFF, 0xAA, 0xDB, 0xFF, 0xAA, 0xDB, 0xFF, 0xAA, 0xDB, 0xFF, 0xAA, 0xDB, 0xFF, 0xAA,
    0xDB, 0xCD, 0xCA, 0xDB, 0x33, 0xFF, 0xFF, 0x00, 0xFF, 0xFF, 0x00, 0xFF, 0xFF, 0x00, 0xFF, 0xFF,
    0x00, 0xFF, 0xFF, 0x00, 0xFF, 0xFF, 0x00, 0xFF, 0xFF, 0x00, 0xFF, 0xFF, 0x00, 0xFF, 0xFF, 0x00,
    0xFF, 0xFF, 0x00, 0xFF, 0xFF, 0x00, 0xFF, 0xFF, 0x00, 0xFF, 0xFF, 0x00, 0xFF, 0xFF, 0x00, 0xFF,
    0xFF, 0x00, 0xFF, 0xFF, 0x00, 0xFF, 0xFF, 0x00, 0xFF, 0xFF, 0x00, 0xCA, 0xDB, 0x31, 0xAA, 0xDB,
    0xCB, 0xAA, 0xDB, 0xFF, 0xAA, 0xDB, 0xFF, 0xAA, 0xDB, 0xFF, 0xAA, 0xDB, 0xFF, 0xAA, 0xDB, 0xFF,
    0xAA, 0xDB, 0xFF, 0xAA, 0xDB, 0xFF, 0xAA, 0xDB, 0xFF, 0xAA, 0xDB, 0xCD, 0xCA, 0xDB, 0x33, 0xFF,
    0xFF, 0x00, 0xFF, 0xFF, 0x00, 0xFF, 0xFF, 0x00, 0xCA, 0xDB, 0x31, 0xAA, 0xDB, 0xCB, 0xAA, 0xDB,
    0xFF, 0xAA, 0xDB, 0xFF, 0xAA, 0xDB, 0xFF, 0xAA, 0xDB, 0xFF, 0xAA, 0xDB, 0xFF, 0xAA, 0xDB, 0xFF,
    0xAA, 0xDB, 0xFF, 0xAA, 0xDB, 0xFF, 0xAA, 0xDB, 0xFF, 0xAA, 0xDB, 0xFF, 0xAA, 0xDB, 0xFF, 0xAA,
    0xDB, 0xFF, 0xAA, 0xDB, 0xFF, 0xAA, 0xDB, 0xFF, 0xAA, 0xDB, 0xFF, 0xAA, 0xDB, 0xFF, 0xAA, 0xDB,
    0xFF, 0xAA, 0xDB, 0xFF, 0xAA, 0xDB, 0xFF, 0xAA, 0xDB, 0xFF, 0xAA, 0xDB, 0xFF, 0xAA, 0xDB, 0xFF,
    0xAA, 0xDB, 0xFF, 0xAA, 0xDB, 0xFF, 0xAA, 0xDB, 0xFF, 0xAA, 0xDB, 0xFF, 0xAA, 0xDB, 0xFF, 0xAA,
    0xDB, 0xFF, 0xAA, 0xDB, 0xCD, 0xCA, 0xDB, 0x33, 0xFF, 0xFF, 0x00, 0xFF, 0xFF, 0x00, 0xFF, 0xFF,
    0x00, 0xCA, 0xDB, 0x31, 0xAA, 0xDB, 0xCB, 0xAA, 0xDB, 0xFF, 0xAA, 0xDB, 0xFF, 0xAA, 0xDB, 0xFF,
    0xAA, 0xDB, 0xFF, 0xAA, 0xDB, 0xFF, 0xAA, 0xDB, 0xFF, 0xAA, 0xDB, 0xFF, 0xAA, 0xDB, 0xFF, 0xAA,
    0xDB, 0xCD, 0xCA, 0xDB, 0x33, 0xFF, 0xFF, 0x00, 0xFF, 0xFF, 0x00, 0xFF, 0xFF, 0x00, 0xFF, 0xFF,
    0x00, 0xFF, 0xFF, 0x00, 0xFF, 0xFF, 0x00, 0xFF, 0xFF, 0x00, 0xFF, 0xFF, 0x00, 0xFF, 0xFF, 0x00,
    0xFF, 0xFF, 0x00, 0xFF, 0xFF, 0x00, 0xFF, 0xFF, 0x00, 0xFF, 0xFF, 0x00, 0xFF, 0xFF, 0x00, 0xFF,
    0xFF, 0x00, 0xFF, 0xFF, 0x00, 0xFF, 0xFF, 0x00, 0xFF, 0xFF, 0x00, 0xCA, 0xDB, 0x31, 0xAA, 0xDB,
    0xCB, 0xAA, 0xDB, 0xFF, 0xAA, 0xDB, 0xFF, 0xAA, 0xDB, 0xFF, 0xAA, 0xDB, 0xFF, 0xAA, 0xDB, 0xFF,
    0xAA, 0xDB, 0xFF, 0xAA, 0xDB, 0xFF, 0xAA, 0xDB, 0xFF, 0xAA, 0xDB, 0xCD, 0xCA, 0xDB, 0x33, 0xFF,
    0xFF, 0x00, 0xFF, 0xFF, 0x00, 0xFF, 0xFF, 0x00, 0xCA, 0xDB, 0x31, 0xAA, 0xDB, 0xCB, 0xAA, 0xDB,
    0xFF, 0xAA, 0xDB, 0xFF, 0xAA, 0xDB, 0xFF, 0xAA, 0xDB, 0xFF, 0xAA, 0xDB, 0xFF, 0xAA, 0xDB, 0xFF,
    0xAA, 0xDB, 0xFF, 0xAA, 0xDB, 0xFF, 0xAA, 0xDB, 0xFF, 0xAA, 0xDB, 0xFF, 0xAA, 0xDB, 0xFF, 0xAA,
    0xDB, 0xFF, 0xAA, 0xDB, 0xFF, 0xAA, 0xDB, 0xFF, 0xAA, 0xDB, 0xFF, 0xAA, 0xDB, 0xFF, 0xAA, 0xDB,
    0xFF, 0xAA, 0xDB, 0xFF, 0xAA, 0xDB, 0xFF, 0xAA, 0xDB, 0xFF, 0xAA, 0xDB, 0xFF, 0xAA, 0xDB, 0xFF,
    0xAA, 0xDB, 0xFF, 0xAA, 0xDB, 0xFF, 0xAA, 0xDB, 0xFF, 0xAA, 0xDB, 0xFF, 0xAA, 0xDB, 0xFF, 0xAA,
    0xDB, 0xFF, 0xAA, 0xDB, 0xCD, 0xCA, 0xDB, 0x33, 0xFF, 0xFF, 0x00, 0xFF, 0xFF, 0x00, 0xFF, 0xFF,
    0x00, 0xCA, 0xDB, 0x31, 0xAA, 0xDB, 0xCB, 0xAA, 0xDB, 0xFF, 0xAA, 0xDB, 0xFF, 0xAA, 0xDB, 0xFF,
    0xAA, 0xDB, 0xFF, 0xAA, 0xDB, 0xFF, 0xAA, 0xDB, 0xFF, 0xAA, 0xDB, 0xFF, 0xAA, 0xDB, 0xFF, 0xAA,
    0xDB, 0xCD, 0xCA, 0xDB, 0x33, 0xFF, 0xFF, 0x00, 0xFF, 0xFF, 0x00, 0xFF, 0xFF, 0x00, 0xFF, 0xFF,
    0x00, 0xFF, 0xFF, 0x00, 0xFF, 0xFF, 0x00, 0xFF, 0xFF, 0x00, 0xFF, 0xFF, 0x00, 0xFF, 0xFF, 0x00,
    0xFF, 0xFF, 0x00, 0xFF, 0xFF, 0x00, 0xFF, 0xFF, 0x00, 0xFF, 0xFF, 0x00, 0xFF, 0xFF, 0x00, 0xFF,
    0xFF, 0x00, 0xFF, 0xFF, 0x00, 0xFF, 0xFF, 0x00, 0xFF, 0xFF, 0x00, 0xCA, 0xDB, 0x31, 0xAA, 0xDB,
    0xCB, 0xAA, 0xDB, 0xFF, 0xAA, 0xDB, 0xFF, 0xAA, 0xDB, 0xFF, 0xAA, 0xDB, 0xFF, 0xAA, 0xDB, 0xFF,
    0xAA, 0xDB, 0xFF, 0xAA, 0xDB, 0xFF, 0xAA, 0xDB, 0xFF, 0xAA, 0xDB, 0xCD, 0xCA, 0xDB, 0x33, 0xFF,
    0xFF, 0x00, 0xFF, 0xFF, 0x00, 0xFF, 0xFF, 0x00, 0xCA, 0xDB, 0x31, 0xAA, 0xDB, 0xCB, 0xAA, 0xDB,
    0xFF, 0xAA, 0xDB, 0xFF, 0xAA, 0xDB, 0xFF, 0xAA, 0xDB, 0xFF, 0xAA, 0xDB, 0xFF, 0xAA, 0xDB, 0xFF,
    0xAA, 0xDB, 0xFF, 0xAA, 0xDB, 0xFF, 0xAA, 0xDB, 0xFF, 0xAA, 0xDB, 0xFF, 0xAA, 0xDB, 0xFF, 0xAA,
    0xDB, 0xFF, 0xAA, 0xDB, 0xFF, 0xAA, 0xDB, 0xFF, 0xAA, 0xDB, 0xFF, 0xAA, 0xDB, 0xFF, 0xAA, 0xDB,
    0xFF, 0xAA, 0xDB, 0xFF, 0xAA, 0xDB, 0xFF, 0xAA, 0xDB, 0xFF, 0xAA, 0xDB, 0xFF, 0xAA, 0xDB, 0xFF,
    0xAA, 0xDB, 0xFF, 0xAA, 0xDB, 0xFF, 0xAA, 0xDB, 0xFF, 0xAA, 0xDB, 0xFF, 0xAA, 0xDB, 0xFF, 0xAA,
    0xDB, 0xFF, 0xAA, 0xDB, 0xCD, 0xCA, 0xDB, 0x33, 0xFF, 0xFF, 0x00, 0xFF, 0xFF, 0x00, 0xFF, 0xFF,
    0x00, 0xCA, 0xDB, 0x31, 0xAA, 0xDB, 0xCB, 0xAA, 0xDB, 0xFF, 0xAA, 0xDB, 0xFF, 0xAA, 0xDB, 0xFF,
    0xAA, 0xDB, 0xFF, 0xAA, 0xDB, 0xFF, 0xAA, 0xDB, 0xFF, 0xAA, 0xDB, 0xFF, 0xAA, 0xDB, 0xFF, 0xAA,
    0xDB, 0xCD, 0xCA, 0xDB, 0x33, 0xFF, 0xFF, 0x00, 0xFF, 0xFF, 0x00, 0xFF, 0xFF, 0x00, 0xFF, 0xFF,
    0x00, 0xFF, 0xFF, 0x00, 0xFF, 0xFF, 0x00, 0xFF, 0xFF, 0x00, 0xFF, 0xFF, 0x00, 0xFF, 0xFF, 0x00,
    0xAA, 0xDB, 0x65, 0xAA, 0xDB, 0x65, 0xAA, 0xDB, 0x65, 0xAA, 0xDB, 0x65, 0xAA, 0xDB, 0x65, 0xAA,
    0xDB, 0x65, 0xAA, 0xDB, 0x65, 0xAA, 0xDB, 0x65, 0xAA, 0xDB, 0x65, 0xAA, 0xDB, 0x83, 0xAA, 0xDB,
    0xDF, 0xAA, 0xDB, 0xFF, 0xAA, 0xDB, 0xFF, 0xAA, 0xDB, 0xFF, 0xAA, 0xDB, 0xFF, 0xAA, 0xDB, 0xFF,
    0xAA, 0xDB, 0xFF, 0xAA, 0xDB, 0xFF, 0xAA, 0xDB, 0xFF, 0xAA, 0xDB, 0xE1, 0xAA, 0xDB, 0x84, 0xAA,
    0xDB, 0x65, 0xAA, 0xDB, 0x65, 0xAA, 0xDB, 0x65, 0xAA, 0xDB, 0x83, 0xAA, 0xDB, 0xDF, 0xAA, 0xDB,
    0xFF, 0xAA, 0xDB, 0xFF, 0xAA, 0xDB, 0xFF, 0xAA, 0xDB, 0xFF, 0xAA, 0xDB, 0xFF, 0xAA, 0xDB, 0xFF,
    0xAA, 0xDB, 0xFF, 0xAA, 0xDB, 0xFF, 0xAA, 0xDB, 0xFF, 0xAA, 0xDB, 0xFF, 0xAA, 0xDB, 0xFF, 0xAA,
    0xDB, 0xFF, 0xAA, 0xDB, 0xFF, 0xAA, 0xDB, 0xFF, 0xAA, 0xDB, 0xFF, 0xAA, 0xDB, 0xFF, 0xAA, 0xDB,
    0xFF, 0xAA, 0xDB, 0xFF, 0xAA, 0xDB, 0xFF, 0xAA, 0xDB, 0xFF, 0xAA, 0xDB, 0xFF, 0xAA, 0xDB, 0xFF,
    0xAA, 0xDB, 0xFF, 0xAA, 0xDB, 0xFF, 0xAA, 0xDB, 0xFF, 0xAA, 0xDB, 0xFF, 0xAA, 0xDB, 0xFF, 0xAA,
    0xDB, 0xFF, 0xAA, 0xDB, 0xE1, 0xAA, 0xDB, 0x84, 0xAA, 0xDB, 0x65, 0xAA, 0xDB, 0x65, 0xAA, 0xDB,
    0x65, 0xAA, 0xDB, 0x83, 0xAA, 0xDB, 0xDF, 0xAA, 0xDB, 0xFF, 0xAA, 0xDB, 0xFF, 0xAA, 0xDB, 0xFF,
    0xAA, 0xDB, 0xFF, 0xAA, 0xDB, 0xFF, 0xAA, 0xDB, 0xFF, 0xAA, 0xDB, 0xFF, 0xAA, 0xDB, 0xFF, 0xAA,
    0xDB, 0xE1, 0xAA, 0xDB, 0x84, 0xAA, 0xDB, 0x65, 0xAA, 0xDB, 0x65, 0xAA, 0xDB, 0x65, 0xAA, 0xDB,
    0x65, 0xAA, 0xDB, 0x65, 0xAA, 0xDB, 0x65, 0xAA, 0xDB, 0x65, 0xAA, 0xDB, 0x65, 0xAA, 0xDB, 0x65,
    0xAA, 0xDB, 0xFF, 0xAA, 0xDB, 0xFF, 0xAA, 0xDB, 0xFF, 0xAA, 0xDB, 0xFF, 0xAA, 0xDB, 0xFF, 0xAA,
    0xDB, 0xFF, 0xAA, 0xDB, 0xFF, 0xAA, 0xDB, 0xFF, 0xAA, 0xDB, 0xFF, 0xAA, 0xDB, 0xFF, 0xAA, 0xDB,
    0xFF, 0xAA, 0xDB, 0xFF, 0xAA, 0xDB, 0xFF, 0xAA, 0xDB, 0xFF, 0xAA, 0xDB, 0xFF, 0xAA, 0xDB, 0xFF,
    0xAA, 0xDB, 0xFF, 0xAA, 0xDB, 0xFF, 0xAA, 0xDB, 0xFF, 0xAA, 0xDB, 0xFF, 0xAA, 0xDB, 0xFF, 0xAA,
    0xDB, 0xFF, 0xAA, 0xDB, 0xFF, 0xAA, 0xDB, 0xFF, 0xAA, 0xDB, 0xFF, 0xAA, 0xDB, 0xFF, 0xAA, 0xDB,
    0xFF, 0xAA, 0xDB, 0xFF, 0xAA, 0xDB, 0xFF, 0xAA, 0xDB, 0xFF, 0xAA, 0xDB, 0xFF, 0xAA, 0xDB, 0xFF,
    0xAA, 0xDB, 0xFF, 0xAA, 0xDB, 0xFF, 0xAA, 0xDB, 0xFF, 0xAA, 0xDB, 0xFF, 0xAA, 0xDB, 0xFF, 0xAA,
    0xDB, 0xFF, 0xAA, 0xDB, 0xFF, 0xAA, 0xDB, 0xFF, 0xAA, 0xDB, 0xFF, 0xAA, 0xDB, 0xFF, 0xAA, 0xDB,
    0xFF, 0xAA, 0xDB, 0xFF, 0xAA, 0xDB, 0xFF, 0xAA, 0xDB, 0xFF, 0xAA, 0xDB, 0xFF, 0xAA, 0xDB, 0xFF,
    0xAA, 0xDB, 0xFF, 0xAA, 0xDB, 0xFF, 0xAA, 0xDB, 0xFF, 0xAA, 0xDB, 0xFF, 0xAA, 0xDB, 0xFF, 0xAA,
    0xDB, 0xFF, 0xAA, 0xDB, 0xFF, 0xAA, 0xDB, 0xFF, 0xAA, 0xDB, 0xFF, 0xAA, 0xDB, 0xFF, 0xAA, 0xDB,
    0xFF, 0xAA, 0xDB, 0xFF, 0xAA, 0xDB, 0xFF, 0xAA, 0xDB, 0xFF, 0xAA, 0xDB, 0xFF, 0xAA, 0xDB, 0xFF,
    0xAA, 0xDB, 0xFF, 0xAA, 0xDB, 0xFF, 0xAA, 0xDB, 0xFF, 0xAA, 0xDB, 0xFF, 0xAA, 0xDB, 0xFF, 0xAA,
    0xDB, 0xFF, 0xAA, 0xDB, 0xFF, 0xAA, 0xDB, 0xFF, 0xAA, 0xDB, 0xFF, 0xAA, 0xDB, 0xFF, 0xAA, 0xDB,
    0xFF, 0xAA, 0xDB, 0xFF, 0xAA, 0xDB, 0xFF, 0xAA, 0xDB, 0xFF, 0xAA, 0xDB, 0xFF, 0xAA, 0xDB, 0xFF,
    0xAA, 0xDB, 0xFF, 0xAA, 0xDB, 0xFF, 0xAA, 0xDB, 0xFF, 0xAA, 0xDB, 0xFF, 0xAA, 0xDB, 0xFF, 0xAA,
    0xDB, 0xFF, 0xAA, 0xDB, 0xFF, 0xAA, 0xDB, 0xFF, 0xAA, 0xDB, 0xFF, 0xAA, 0xDB, 0xFF, 0xAA, 0xDB,
    0xFF, 0xAA, 0xDB, 0xFF, 0xAA, 0xDB, 0xFF, 0xAA, 0xDB, 0xFF, 0xAA, 0xDB, 0xFF, 0xAA, 0xDB, 0xFF,
    0xAA, 0xDB, 0xFF, 0xAA, 0xDB, 0xFF, 0xAA, 0xDB, 0xFF, 0xAA, 0xDB, 0xFF, 0xAA, 0xDB, 0xFF, 0xAA,
    0xDB, 0xFF, 0xAA, 0xDB, 0xFF, 0xAA, 0xDB, 0xFF, 0xAA, 0xDB, 0xFF, 0xAA, 0xDB, 0xFF, 0xAA, 0xDB,
    0xFF, 0xAA, 0xDB, 0xFF, 0xAA, 0xDB, 0xFF, 0xAA, 0xDB, 0xFF, 0xAA, 0xDB, 0xFF, 0xAA, 0xDB, 0xFF,
    0xAA, 0xDB, 0xFF, 0xAA, 0xDB, 0xFF, 0xAA, 0xDB, 0xFF, 0xAA, 0xDB, 0xFF, 0xAA, 0xDB, 0xFF, 0xAA,
    0xDB, 0xFF, 0xAA, 0xDB, 0xFF, 0xAA, 0xDB, 0xFF, 0xAA, 0xDB, 0xFF, 0xAA, 0xDB, 0xFF, 0xAA, 0xDB,
    0xFF, 0xAA, 0xDB, 0xFF, 0xAA, 0xDB, 0xFF, 0xAA, 0xDB, 0xFF, 0xAA, 0xDB, 0xFF, 0xAA, 0xDB, 0xFF,
    0xAA, 0xDB, 0xFF, 0xAA, 0xDB, 0xFF, 0xAA, 0xDB, 0xFF, 0xAA, 0xDB, 0xFF, 0xAA, 0xDB, 0xFF, 0xAA,
    0xDB, 0xFF, 0xAA, 0xDB, 0xFF, 0xAA, 0xDB, 0xFF, 0xAA, 0xDB, 0xFF, 0xAA, 0xDB, 0xFF, 0xAA, 0xDB,
    0xFF, 0xAA, 0xDB, 0xFF, 0xAA, 0xDB, 0xFF, 0xAA, 0xDB, 0xFF, 0xAA, 0xDB, 0xFF, 0xAA, 0xDB, 0xFF,
    0xAA, 0xDB, 0xFF, 0xAA, 0xDB, 0xFF, 0xAA, 0xDB, 0xFF, 0xAA, 0xDB, 0xFF, 0xAA, 0xDB, 0xFF, 0xAA,
    0xDB, 0xFF, 0xAA, 0xDB, 0xFF, 0xAA, 0xDB, 0xFF, 0xAA, 0xDB, 0xFF, 0xAA, 0xDB, 0xFF, 0xAA, 0xDB,
    0xFF, 0xAA, 0xDB, 0xFF, 0xAA, 0xDB, 0xFF, 0xAA, 0xDB, 0xFF, 0xAA, 0xDB, 0xFF, 0xAA, 0xDB, 0xFF,
    0xAA, 0xDB, 0xFF, 0xAA, 0xDB, 0xFF, 0xAA, 0xDB, 0xFF, 0xAA, 0xDB, 0xFF, 0xAA, 0xDB, 0xFF, 0xAA,
    0xDB, 0xFF, 0xAA, 0xDB, 0xFF, 0xAA, 0xDB, 0xFF, 0xAA, 0xDB, 0xFF, 0xAA, 0xDB, 0xFF, 0xAA, 0xDB,
    0xFF, 0xAA, 0xDB, 0xFF, 0xAA, 0xDB, 0xFF, 0xAA, 0xDB, 0xFF, 0xAA, 0xDB, 0xFF, 0xAA, 0xDB, 0xFF,
    0xAA, 0xDB, 0xFF, 0xAA, 0xDB, 0xFF, 0xAA, 0xDB, 0xFF, 0xAA, 0xDB, 0xFF, 0xAA, 0xDB, 0xFF, 0xAA,
    0xDB, 0xFF, 0xAA, 0xDB, 0xFF, 0xAA, 0xDB, 0xFF, 0xAA, 0xDB, 0xFF, 0xAA, 0xDB, 0xFF, 0xAA, 0xDB,
    0xFF, 0xAA, 0xDB, 0xFF, 0xAA, 0xDB, 0xFF, 0xAA, 0xDB, 0xFF, 0xAA, 0xDB, 0xFF, 0xAA, 0xDB, 0xFF,
    0xAA, 0xDB, 0xFF, 0xAA, 0xDB, 0xFF, 0xAA, 0xDB, 0xFF, 0xAA, 0xDB, 0xFF, 0xAA, 0xDB, 0xFF, 0xAA,
    0xDB, 0xFF, 0xAA, 0xDB, 0xFF, 0xAA, 0xDB, 0xFF, 0xAA, 0xDB, 0xFF, 0xAA, 0xDB, 0xFF, 0xAA, 0xDB,
    0xFF, 0xAA, 0xDB, 0xFF, 0xAA, 0xDB, 0xFF, 0xAA, 0xDB, 0xFF, 0xAA, 0xDB, 0xFF, 0xAA, 0xDB, 0xFF,
    0xAA, 0xDB, 0xFF, 0xAA, 0xDB, 0xFF, 0xAA, 0xDB, 0xFF, 0xAA, 0xDB, 0xFF, 0xAA, 0xDB, 0xFF, 0xAA,
    0xDB, 0xFF, 0xAA, 0xDB, 0xFF, 0xAA, 0xDB, 0xFF, 0xAA, 0xDB, 0xFF, 0xAA, 0xDB, 0xFF, 0xAA, 0xDB,
    0xFF, 0xAA, 0xDB, 0xFF, 0xAA, 0xDB, 0xFF, 0xAA, 0xDB, 0xFF, 0xAA, 0xDB, 0xFF, 0xAA, 0xDB, 0xFF,
    0xAA, 0xDB, 0xFF, 0xAA, 0xDB, 0xFF, 0xAA, 0xDB, 0xFF, 0xAA, 0xDB, 0xFF, 0xAA, 0xDB, 0xFF, 0xAA,
    0xDB, 0xFF, 0xAA, 0xDB, 0xFF, 0xAA, 0xDB, 0xFF, 0xAA, 0xDB, 0xFF, 0xAA, 0xDB, 0xFF, 0xAA, 0xDB,
    0xFF, 0xAA, 0xDB, 0xFF, 0xAA, 0xDB, 0xFF, 0xAA, 0xDB, 0xFF, 0xAA, 0xDB, 0xFF, 0xAA, 0xDB, 0xFF,
    0xAA, 0xDB, 0xFF, 0xAA, 0xDB, 0xFF, 0xAA, 0xDB, 0xFF, 0xAA, 0xDB, 0xFF, 0xAA, 0xDB, 0xFF, 0xAA,
    0xDB, 0xFF, 0xAA, 0xDB, 0xFF, 0xAA, 0xDB, 0xFF, 0xAA, 0xDB, 0xFF, 0xAA, 0xDB, 0xFF, 0xAA, 0xDB,
    0xFF, 0xAA, 0xDB, 0xFF, 0xAA, 0xDB, 0xFF, 0xAA, 0xDB, 0xFF, 0xAA, 0xDB, 0xFF, 0xAA, 0xDB, 0xFF,
    0xAA, 0xDB, 0xFF, 0xAA, 0xDB, 0xFF, 0xAA, 0xDB, 0xFF, 0xAA, 0xDB, 0xFF, 0xAA, 0xDB, 0xFF, 0xAA,
    0xDB, 0xFF, 0xAA, 0xDB, 0xFF, 0xAA, 0xDB, 0xFF, 0xAA, 0xDB, 0xFF, 0xAA, 0xDB, 0xFF, 0xAA, 0xDB,
    0xFF, 0xAA, 0xDB, 0xFF, 0xAA, 0xDB, 0xFF, 0xAA, 0xDB, 0xFF, 0xAA, 0xDB, 0xFF, 0xAA, 0xDB, 0xFF,
    0xAA, 0xDB, 0xFF, 0xAA, 0xDB, 0xFF, 0xAA, 0xDB, 0xFF, 0xAA, 0xDB, 0xFF, 0xAA, 0xDB, 0xFF, 0xAA,
    0xDB, 0xFF, 0xAA, 0xDB, 0xFF, 0xAA, 0xDB, 0xFF, 0xAA, 0xDB, 0xFF, 0xAA, 0xDB, 0xFF, 0xAA, 0xDB,
    0xFF, 0xAA, 0xDB, 0xFF, 0xAA, 0xDB, 0xFF, 0xAA, 0xDB, 0xFF, 0xAA, 0xDB, 0xFF, 0xAA, 0xDB, 0xFF,
    0xAA, 0xDB, 0xFF, 0xAA, 0xDB, 0xFF, 0xAA, 0xDB, 0xFF, 0xAA, 0xDB, 0xFF, 0xAA, 0xDB, 0xFF, 0xAA,
    0xDB, 0xFF, 0xAA, 0xDB, 0xFF, 0xAA, 0xDB, 0xFF, 0xAA, 0xDB, 0xFF, 0xAA, 0xDB, 0xFF, 0xAA, 0xDB,
    0xFF, 0xAA, 0xDB, 0xFF, 0xAA, 0xDB, 0xFF, 0xAA, 0xDB, 0xFF, 0xAA, 0xDB, 0xFF, 0xAA, 0xDB, 0xFF,
    0xAA, 0xDB, 0xFF, 0xAA, 0xDB, 0xFF, 0xAA, 0xDB, 0xFF, 0xAA, 0xDB, 0xFF, 0xAA, 0xDB, 0xFF, 0xAA,
    0xDB, 0xFF, 0xAA, 0xDB, 0xFF, 0xAA, 0xDB, 0xFF, 0xAA, 0xDB, 0xFF, 0xAA, 0xDB, 0xFF, 0xAA, 0xDB,
    0xFF, 0xAA, 0xDB, 0xFF, 0xAA, 0xDB, 0xFF, 0xAA, 0xDB, 0xFF, 0xAA, 0xDB, 0xFF, 0xAA, 0xDB, 0xFF,
    0xAA, 0xDB, 0xFF, 0xAA, 0xDB, 0xFF, 0xAA, 0xDB, 0xFF, 0xAA, 0xDB, 0xFF, 0xAA, 0xDB, 0xFF, 0xAA,
    0xDB, 0xFF, 0xAA, 0xDB, 0xFF, 0xAA, 0xDB, 0xFF, 0xAA, 0xDB, 0xFF, 0xAA, 0xDB, 0xFF, 0xAA, 0xDB,
    0xFF, 0xAA, 0xDB, 0xFF, 0xAA, 0xDB, 0xFF, 0xAA, 0xDB, 0xFF, 0xAA, 0xDB, 0xFF, 0xAA, 0xDB, 0xFF,
    0xAA, 0xDB, 0xFF, 0xAA, 0xDB, 0xFF, 0xAA, 0xDB, 0xFF, 0xAA, 0xDB, 0xFF, 0xAA, 0xDB, 0xFF, 0xAA,
    0xDB, 0xFF, 0xAA, 0xDB, 0xFF, 0xAA, 0xDB, 0xFF, 0xAA, 0xDB, 0xFF, 0xAA, 0xDB, 0xFF, 0xAA, 0xDB,
    0xFF, 0xAA, 0xDB, 0xFF, 0xAA, 0xDB, 0xFF, 0xAA, 0xDB, 0xFF, 0xAA, 0xDB, 0xFF, 0xAA, 0xDB, 0xFF,
    0xAA, 0xDB, 0xFF, 0xAA, 0xDB, 0xFF, 0xAA, 0xDB, 0xFF, 0xAA, 0xDB, 0xFF, 0xAA, 0xDB, 0xFF, 0xAA,
    0xDB, 0xFF, 0xAA, 0xDB, 0xFF, 0xAA, 0xDB, 0xFF, 0xAA, 0xDB, 0xFF, 0xAA, 0xDB, 0xFF, 0xAA, 0xDB,
    0xFF, 0xAA, 0xDB, 0xFF, 0xAA, 0xDB, 0xFF, 0xAA, 0xDB, 0xFF, 0xAA, 0xDB, 0xFF, 0xAA, 0xDB, 0xFF,
    0xAA, 0xDB, 0xFF, 0xAA, 0xDB, 0xFF, 0xAA, 0xDB, 0xFF, 0xAA, 0xDB, 0xFF, 0xAA, 0xDB, 0xFF, 0xAA,
    0xDB, 0xFF, 0xAA, 0xDB, 0xFF, 0xAA, 0xDB, 0xFF, 0xAA, 0xDB, 0xFF, 0xAA, 0xDB, 0xFF, 0xAA, 0xDB,
    0xFF, 0xAA, 0xDB, 0xFF, 0xAA, 0xDB, 0xFF, 0xAA, 0xDB, 0xFF, 0xAA, 0xDB, 0xFF, 0xAA, 0xDB, 0xFF,
    0xAA, 0xDB, 0xFF, 0xAA, 0xDB, 0xFF, 0xAA, 0xDB, 0xFF, 0xAA, 0xDB, 0xFF, 0xAA, 0xDB, 0xFF, 0xAA,
    0xDB, 0xFF, 0xAA, 0xDB, 0xFF, 0xAA, 0xDB, 0xFF, 0xAA, 0xDB, 0xFF, 0xAA, 0xDB, 0xFF, 0xAA, 0xDB,
    0xFF, 0xAA, 0xDB, 0xFF, 0xAA, 0xDB, 0xFF, 0xAA, 0xDB, 0xFF, 0xAA, 0xDB, 0xFF, 0xAA, 0xDB, 0xFF,
    0xAA, 0xDB, 0xFF, 0xAA, 0xDB, 0xFF, 0xAA, 0xDB, 0xFF, 0xAA, 0xDB, 0xFF, 0xAA, 0xDB, 0xFF, 0xAA,
    0xDB, 0xFF, 0xAA, 0xDB, 0xFF, 0xAA, 0xDB, 0xFF, 0xAA, 0xDB, 0xFF, 0xAA, 0xDB, 0xFF, 0xAA, 0xDB,
    0xFF, 0xAA, 0xDB, 0xFF, 0xAA, 0xDB, 0xFF, 0xAA, 0xDB, 0xFF, 0xAA, 0xDB, 0xFF, 0xAA, 0xDB, 0xFF,
    0xAA, 0xDB, 0xFF, 0xAA, 0xDB, 0xFF, 0xAA, 0xDB, 0xFF, 0xAA, 0xDB, 0xFF, 0xAA, 0xDB, 0xFF, 0xAA,
    0xDB, 0xFF, 0xAA, 0xDB, 0xFF, 0xAA, 0xDB, 0xFF, 0xAA, 0xDB, 0xFF, 0xAA, 0xDB, 0xFF, 0xAA, 0xDB,
    0xFF, 0xAA, 0xDB, 0xFF, 0xAA, 0xDB, 0xFF, 0xAA, 0xDB, 0xFF, 0xAA, 0xDB, 0xFF, 0xAA, 0xDB, 0xFF,
    0xAA, 0xDB, 0xFF, 0xAA, 0xDB, 0xFF, 0xAA, 0xDB, 0xFF, 0xAA, 0xDB, 0xFF, 0xAA, 0xDB, 0xFF, 0xAA,
    0xDB, 0xFF, 0xAA, 0xDB, 0xFF, 0xAA, 0xDB, 0xFF, 0xAA, 0xDB, 0xFF, 0xAA, 0xDB, 0xFF, 0xAA, 0xDB,
    0xFF, 0xAA, 0xDB, 0xFF, 0xAA, 0xDB, 0xFF, 0xAA, 0xDB, 0xFF, 0xAA, 0xDB, 0xFF, 0xAA, 0xDB, 0xFF,
    0xAA, 0xDB, 0xFF, 0xAA, 0xDB, 0xFF, 0xAA, 0xDB, 0xFF, 0xAA, 0xDB, 0xFF, 0xAA, 0xDB, 0xFF, 0xAA,
    0xDB, 0xFF, 0xAA, 0xDB, 0xFF, 0xAA, 0xDB, 0xFF, 0xAA, 0xDB, 0xFF, 0xAA, 0xDB, 0xFF, 0xAA, 0xDB,
    0xFF, 0xAA, 0xDB, 0xFF, 0xAA, 0xDB, 0xFF, 0xAA, 0xDB, 0xFF, 0xAA, 0xDB, 0xFF, 0xAA, 0xDB, 0xFF,
    0xAA, 0xDB, 0xFF, 0xAA, 0xDB, 0xFF, 0xAA, 0xDB, 0xFF, 0xAA, 0xDB, 0xFF, 0xAA, 0xDB, 0xFF, 0xAA,
    0xDB, 0xFF, 0xAA, 0xDB, 0xFF, 0xAA, 0xDB, 0xFF, 0xAA, 0xDB, 0xFF, 0xAA, 0xDB, 0xFF, 0xAA, 0xDB,
    0xFF, 0xAA, 0xDB, 0xFF, 0xAA, 0xDB, 0xFF, 0xAA, 0xDB, 0xFF, 0xAA, 0xDB, 0xFF, 0xAA, 0xDB, 0xFF,
    0xAA, 0xDB, 0xFF, 0xAA, 0xDB, 0xFF, 0xAA, 0xDB, 0xFF, 0xAA, 0xDB, 0xFF, 0xAA, 0xDB, 0xFF, 0xAA,
    0xDB, 0xFF, 0xAA, 0xDB, 0xFF, 0xAA, 0xDB, 0xFF, 0xAA, 0xDB, 0xFF, 0xAA, 0xDB, 0xFF, 0xAA, 0xDB,
    0xFF, 0xAA, 0xDB, 0xFF, 0xAA, 0xDB, 0xFF, 0xAA, 0xDB, 0xFF, 0xAA, 0xDB, 0xFF, 0xAA, 0xDB, 0xFF,
    0xAA, 0xDB, 0xFF, 0xAA, 0xDB, 0xFF, 0xAA, 0xDB, 0xFF, 0xAA, 0xDB, 0xFF, 0xAA, 0xDB, 0xFF, 0xAA,
    0xDB, 0xFF, 0xAA, 0xDB, 0xFF, 0xAA, 0xDB, 0xFF, 0xAA, 0xDB, 0xFF, 0xAA, 0xDB, 0xFF, 0xAA, 0xDB,
    0xFF, 0xAA, 0xDB, 0xFF, 0xAA, 0xDB, 0xFF, 0xAA, 0xDB, 0xFF, 0xAA, 0xDB, 0xFF, 0xAA, 0xDB, 0xFF,
    0xAA, 0xDB, 0xFF, 0xAA, 0xDB, 0xFF, 0xAA, 0xDB, 0xFF, 0xAA, 0xDB, 0xFF, 0xAA, 0xDB, 0xFF, 0xAA,
    0xDB, 0xFF, 0xAA, 0xDB, 0xFF, 0xAA, 0xDB, 0xFF, 0xAA, 0xDB, 0xFF, 0xAA, 0xDB, 0xFF, 0xAA, 0xDB,
    0xFF, 0xAA, 0xDB, 0xFF, 0xAA, 0xDB, 0xFF, 0xAA, 0xDB, 0xFF, 0xAA, 0xDB, 0xFF, 0xAA, 0xDB, 0xFF,
    0xAA, 0xDB, 0xFF, 0xAA, 0xDB, 0xFF, 0xAA, 0xDB, 0xFF, 0xAA, 0xDB, 0xFF, 0xAA, 0xDB, 0xFF, 0xAA,
    0xDB, 0xFF, 0xAA, 0xDB, 0xFF, 0xAA, 0xDB, 0xFF, 0xAA, 0xDB, 0xFF, 0xAA, 0xDB, 0xFF, 0xAA, 0xDB,
    0xFF, 0xAA, 0xDB, 0xFF, 0xAA, 0xDB, 0xFF, 0xAA, 0xDB, 0xFF, 0xAA, 0xDB, 0xFF, 0xAA, 0xDB, 0xFF,
    0xAA, 0xDB, 0xFF, 0xAA, 0xDB, 0xFF, 0xAA, 0xDB, 0xFF, 0xAA, 0xDB, 0xFF, 0xAA, 0xDB, 0xFF, 0xAA,
    0xDB, 0xFF, 0xAA, 0xDB, 0xFF, 0xAA, 0xDB, 0xFF, 0xAA, 0xDB, 0xFF, 0xAA, 0xDB, 0xFF, 0xAA, 0xDB,
    0xFF, 0xAA, 0xDB, 0xFF, 0xAA, 0xDB, 0xFF, 0xAA, 0xDB, 0xFF, 0xAA, 0xDB, 0xFF, 0xAA, 0xDB, 0xFF,
    0xAA, 0xDB, 0xFF, 0xAA, 0xDB, 0xFF, 0xAA, 0xDB, 0xFF, 0xAA, 0xDB, 0xFF, 0xAA, 0xDB, 0xFF, 0xAA,
    0xDB, 0xFF, 0xAA, 0xDB, 0xFF, 0xAA, 0xDB, 0xFF, 0xAA, 0xDB, 0xFF, 0xAA, 0xDB, 0xFF, 0xAA, 0xDB,
    0xFF, 0xAA, 0xDB, 0xFF, 0xAA, 0xDB, 0xFF, 0xAA, 0xDB, 0xFF, 0xAA, 0xDB, 0xFF, 0xAA, 0xDB, 0xFF,
    0xAA, 0xDB, 0xFF, 0xAA, 0xDB, 0xFF, 0xAA, 0xDB, 0xFF, 0xAA, 0xDB, 0xFF, 0xAA, 0xDB, 0xFF, 0xAA,
    0xDB, 0xFF, 0xAA, 0xDB, 0xFF, 0xAA, 0xDB, 0xFF, 0xAA, 0xDB, 0xFF, 0xAA, 0xDB, 0xFF, 0xAA, 0xDB,
    0xFF, 0xAA, 0xDB, 0xFF, 0xAA, 0xDB, 0xFF, 0xAA, 0xDB, 0xFF, 0xAA, 0xDB, 0xFF, 0xAA, 0xDB, 0xFF,
    0xAA, 0xDB, 0xFF, 0xAA, 0xDB, 0xFF, 0xAA, 0xDB, 0xFF, 0xAA, 0xDB, 0xFF, 0xAA, 0xDB, 0xFF, 0xAA,
    0xDB, 0xFF, 0xAA, 0xDB, 0xFF, 0xAA, 0xDB, 0xFF, 0xAA, 0xDB, 0xFF, 0xAA, 0xDB, 0xFF, 0xAA, 0xDB,
    0xFF, 0xAA, 0xDB, 0xFF, 0xAA, 0xDB, 0xFF, 0xAA, 0xDB, 0xFF, 0xAA, 0xDB, 0xFF, 0xAA, 0xDB, 0xFF,
    0xAA, 0xDB, 0xFF, 0xAA, 0xDB, 0xFF, 0xAA, 0xDB, 0xFF, 0xAA, 0xDB, 0xFF, 0xAA, 0xDB, 0xFF, 0xAA,
    0xDB, 0xFF, 0xAA, 0xDB, 0xFF, 0xAA, 0xDB, 0xFF, 0xAA, 0xDB, 0xFF, 0xAA, 0xDB, 0xFF, 0xAA, 0xDB,
    0xFF, 0xAA, 0xDB, 0xFF, 0xAA, 0xDB, 0xFF, 0xAA, 0xDB, 0xFF, 0xAA, 0xDB, 0xFF, 0xAA, 0xDB, 0xFF,
    0xAA, 0xDB, 0xFF, 0xAA, 0xDB, 0xFF, 0xAA, 0xDB, 0xFF, 0xAA, 0xDB, 0xFF, 0xAA, 0xDB, 0xFF, 0xAA,
    0xDB, 0xFF, 0xAA, 0xDB, 0xFF, 0xAA, 0xDB, 0xFF, 0xAA, 0xDB, 0xFF, 0xAA, 0xDB, 0xFF, 0xAA, 0xDB,
    0xFF, 0xAA, 0xDB, 0xFF, 0xAA, 0xDB, 0xFF, 0xAA, 0xDB, 0xFF, 0xAA, 0xDB, 0xFF, 0xAA, 0xDB, 0xFF,
    0xAA, 0xDB, 0xFF, 0xAA, 0xDB, 0xFF, 0xAA, 0xDB, 0xFF, 0xAA, 0xDB, 0xFF, 0xAA, 0xDB, 0xFF, 0xAA,
    0xDB, 0xFF, 0xAA, 0xDB, 0xFF, 0xAA, 0xDB, 0xFF, 0xAA, 0xDB, 0xFF, 0xAA, 0xDB, 0xFF, 0xAA, 0xDB,
    0xFF, 0xAA, 0xDB, 0xFF, 0xAA, 0xDB, 0xFF, 0xAA, 0xDB, 0xFF, 0xAA, 0xDB, 0xFF, 0xAA, 0xDB, 0xFF,
    0xAA, 0xDB, 0xFF, 0xAA, 0xDB, 0xFF, 0xAA, 0xDB, 0xFF, 0xAA, 0xDB, 0xFF, 0xAA, 0xDB, 0xFF, 0xAA,
    0xDB, 0xFF, 0xAA, 0xDB, 0xFF, 0xAA, 0xDB, 0xFF, 0xAA, 0xDB, 0xFF, 0xAA, 0xDB, 0xFF, 0xAA, 0xDB,
    0xFF, 0xAA, 0xDB, 0xFF, 0xAA, 0xDB, 0xFF, 0xAA, 0xDB, 0xFF, 0xAA, 0xDB, 0xFF, 0xAA, 0xDB, 0xFF,
    0xAA, 0xDB, 0xFF, 0xAA, 0xDB, 0xFF, 0xAA, 0xDB, 0xFF, 0xAA, 0xDB, 0xFF, 0xAA, 0xDB, 0xFF, 0xAA,
    0xDB, 0xFF, 0xAA, 0xDB, 0xFF, 0xAA, 0xDB, 0xFF, 0xAA, 0xDB, 0xFF, 0xAA, 0xDB, 0xFF, 0xAA, 0xDB,
    0xFF, 0xAA, 0xDB, 0xFF, 0xAA, 0xDB, 0xFF, 0xAA, 0xDB, 0xFF, 0xAA, 0xDB, 0xFF, 0xAA, 0xDB, 0xFF,
    0xAA, 0xDB, 0xFF, 0xAA, 0xDB, 0xFF, 0xAA, 0xDB, 0xFF, 0xAA, 0xDB, 0xFF, 0xAA, 0xDB, 0xFF, 0xAA,
    0xDB, 0xFF, 0xAA, 0xDB, 0xFF, 0xAA, 0xDB, 0xFF, 0xAA, 0xDB, 0xFF, 0xAA, 0xDB, 0xFF, 0xAA, 0xDB,
    0xFF, 0xAA, 0xDB, 0xFF, 0xAA, 0xDB, 0xFF, 0xAA, 0xDB, 0xFF, 0xAA, 0xDB, 0xFF, 0xAA, 0xDB, 0xFF,
    0xAA, 0xDB, 0xFF, 0xAA, 0xDB, 0xFF, 0xAA, 0xDB, 0xFF, 0xAA, 0xDB, 0xFF, 0xAA, 0xDB, 0xFF, 0xAA,
    0xDB, 0xFF, 0xAA, 0xDB, 0xFF, 0xAA, 0xDB, 0xFF, 0xAA, 0xDB, 0xFF, 0xAA, 0xDB, 0xFF, 0xAA, 0xDB,
    0xFF, 0xAA, 0xDB, 0xFF, 0xAA, 0xDB, 0xFF, 0xAA, 0xDB, 0xFF, 0xAA, 0xDB, 0xFF, 0xAA, 0xDB, 0xFF,
    0xAA, 0xDB, 0x99, 0xAA, 0xDB, 0x99, 0xAA, 0xDB, 0x99, 0xAA, 0xDB, 0x99, 0xAA, 0xDB, 0x99, 0xAA,
    0xDB, 0x99, 0xAA, 0xDB, 0x99, 0xAA, 0xDB, 0x99, 0xAA, 0xDB, 0x99, 0xAA, 0xDB, 0xAD, 0xAA, 0xDB,
    0xEA, 0xAA, 0xDB, 0xFF, 0xAA, 0xDB, 0xFF, 0xAA, 0xDB, 0xFF, 0xAA, 0xDB, 0xFF, 0xAA, 0xDB, 0xFF,
    0xAA, 0xDB, 0xFF, 0xAA, 0xDB, 0xFF, 0xAA, 0xDB, 0xFF, 0xAA, 0xDB, 0xFF, 0xAA, 0xDB, 0xFF, 0xAA,
    0xDB, 0xFF, 0xAA, 0xDB, 0xFF, 0xAA, 0xDB, 0xFF, 0xAA, 0xDB, 0xFF, 0xAA, 0xDB, 0xFF, 0xAA, 0xDB,
    0xFF, 0xAA, 0xDB, 0xFF, 0xAA, 0xDB, 0xFF, 0xAA, 0xDB, 0xFF, 0xAA, 0xDB, 0xFF, 0xAA, 0xDB, 0xFF,
    0xAA, 0xDB, 0xFF, 0xAA, 0xDB, 0xFF, 0xAA, 0xDB, 0xFF, 0xAA, 0xDB, 0xFF, 0xAA, 0xDB, 0xFF, 0xAA,
    0xDB, 0xFF, 0xAA, 0xDB, 0xFF, 0xAA, 0xDB, 0xFF, 0xAA, 0xDB, 0xFF, 0xAA, 0xDB, 0xFF, 0xAA, 0xDB,
    0xFF, 0xAA, 0xDB, 0xFF, 0xAA, 0xDB, 0xFF, 0xAA, 0xDB, 0xFF, 0xAA, 0xDB, 0xFF, 0xAA, 0xDB, 0xFF,
    0xAA, 0xDB, 0xFF, 0xAA, 0xDB, 0xFF, 0xAA, 0xDB, 0xFF, 0xAA, 0xDB, 0xFF, 0xAA, 0xDB, 0xFF, 0xAA,
    0xDB, 0xFF, 0xAA, 0xDB, 0xFF, 0xAA, 0xDB, 0xFF, 0xAA, 0xDB, 0xFF, 0xAA, 0xDB, 0xFF, 0xAA, 0xDB,
    0xFF, 0xAA, 0xDB, 0xFF, 0xAA, 0xDB, 0xFF, 0xAA, 0xDB, 0xFF, 0xAA, 0xDB, 0xFF, 0xAA, 0xDB, 0xFF,
    0xAA, 0xDB, 0xFF, 0xAA, 0xDB, 0xFF, 0xAA, 0xDB, 0xFF, 0xAA, 0xDB, 0xFF, 0xAA, 0xDB, 0xFF, 0xAA,
    0xDB, 0xEB, 0xAA, 0xDB, 0xAE, 0xAA, 0xDB, 0x99, 0xAA, 0xDB, 0x99, 0xAA, 0xDB, 0x99, 0xAA, 0xDB,
    0x99, 0xAA, 0xDB, 0x99, 0xAA, 0xDB, 0x99, 0xAA, 0xDB, 0x99, 0xAA, 0xDB, 0x99, 0xAA, 0xDB, 0x99,
    0xFF, 0xFF, 0x00, 0xFF, 0xFF, 0x00, 0xFF, 0xFF, 0x00, 0xFF, 0xFF, 0x00, 0xFF, 0xFF, 0x00, 0xFF,
    0xFF, 0x00, 0xFF, 0xFF, 0x00, 0xFF, 0xFF, 0x00, 0xFF, 0xFF, 0x00, 0xCA, 0xDB, 0x31, 0xAA, 0xDB,
    0xCB, 0xAA, 0xDB, 0xFF, 0xAA, 0xDB, 0xFF, 0xAA, 0xDB, 0xFF, 0xAA, 0xDB, 0xFF, 0xAA, 0xDB, 0xFF,
    0xAA, 0xDB, 0xFF, 0xAA, 0xDB, 0xFF, 0xAA, 0xDB, 0xFF, 0xAA, 0xDB, 0xFF, 0xAA, 0xDB, 0xFF, 0xAA,
    0xDB, 0xFF, 0xAA, 0xDB, 0xFF, 0xAA, 0xDB, 0xFF, 0xAA, 0xDB, 0xFF, 0xAA, 0xDB, 0xFF, 0xAA, 0xDB,
    0xFF, 0xAA, 0xDB, 0xFF, 0xAA, 0xDB, 0xFF, 0xAA, 0xDB, 0xFF, 0xAA, 0xDB, 0xFF, 0xAA, 0xDB, 0xFF,
    0xAA, 0xDB, 0xFF, 0xAA, 0xDB, 0xFF, 0xAA, 0xDB, 0xFF, 0xAA, 0xDB, 0xFF, 0xAA, 0xDB, 0xFF, 0xAA,
    0xDB, 0xFF, 0xAA, 0xDB, 0xFF, 0xAA, 0xDB, 0xFF, 0xAA, 0xDB, 0xFF, 0xAA, 0xDB, 0xFF, 0xAA, 0xDB,
    0xFF, 0xAA, 0xDB, 0xFF, 0xAA, 0xDB, 0xFF, 0xAA, 0xDB, 0xFF, 0xAA, 0xDB, 0xFF, 0xAA, 0xDB, 0xFF,
    0xAA, 0xDB, 0xFF, 0xAA, 0xDB, 0xFF, 0xAA, 0xDB, 0xFF, 0xAA, 0xDB, 0xFF, 0xAA, 0xDB, 0xFF, 0xAA,
    0xDB, 0xFF, 0xAA, 0xDB, 0xFF, 0xAA, 0xDB, 0xFF, 0xAA, 0xDB, 0xFF, 0xAA, 0xDB, 0xFF, 0xAA, 0xDB,
    0xFF, 0xAA, 0xDB, 0xFF, 0xAA, 0xDB, 0xFF, 0xAA, 0xDB, 0xFF, 0xAA, 0xDB, 0xFF, 0xAA, 0xDB, 0xFF,
    0xAA, 0xDB, 0xFF, 0xAA, 0xDB, 0xFF, 0xAA, 0xDB, 0xFF, 0xAA, 0xDB, 0xFF, 0xAA, 0xDB, 0xFF, 0xAA,
    0xDB, 0xCD, 0xCA, 0xDB, 0x33, 0xFF, 0xFF, 0x00, 0xFF, 0xFF, 0x00, 0xFF, 0xFF, 0x00, 0xFF, 0xFF,
    0x00, 0xFF, 0xFF, 0x00, 0xFF, 0xFF, 0x00, 0xFF, 0xFF, 0x00, 0xFF, 0xFF, 0x00, 0xFF, 0xFF, 0x00,
    0xFF, 0xFF, 0x00, 0xFF, 0xFF, 0x00, 0xFF, 0xFF, 0x00, 0xFF, 0xFF, 0x00, 0xFF, 0xFF, 0x00, 0xFF,
    0xFF, 0x00, 0xFF, 0xFF, 0x00, 0xFF, 0xFF, 0x00, 0xFF, 0xFF, 0x00, 0xCA, 0xDB, 0x31, 0xAA, 0xDB,
    0xCB, 0xAA, 0xDB, 0xFF, 0xAA, 0xDB, 0xFF, 0xAA, 0xDB, 0xFF, 0xAA, 0xDB, 0xFF, 0xAA, 0xDB, 0xFF,
    0xAA, 0xDB, 0xFF, 0xAA, 0xDB, 0xFF, 0xAA, 0xDB, 0xFF, 0xAA, 0xDB, 0xFF, 0xAA, 0xDB, 0xFF, 0xAA,
    0xDB, 0xFF, 0xAA, 0xDB, 0xFF, 0xAA, 0xDB, 0xFF, 0xAA, 0xDB, 0xFF, 0xAA, 0xDB, 0xFF, 0xAA, 0xDB,
    0xFF, 0xAA, 0xDB, 0xFF, 0xAA, 0xDB, 0xFF, 0xAA, 0xDB, 0xFF, 0xAA, 0xDB, 0xFF, 0xAA, 0xDB, 0xFF,
    0xAA, 0xDB, 0xFF, 0xAA, 0xDB, 0xFF, 0xAA, 0xDB, 0xFF, 0xAA, 0xDB, 0xFF, 0xAA, 0xDB, 0xFF, 0xAA,
    0xDB, 0xFF, 0xAA, 0xDB, 0xFF, 0xAA, 0xDB, 0xFF, 0xAA, 0xDB, 0xFF, 0xAA, 0xDB, 0xFF, 0xAA, 0xDB,
    0xFF, 0xAA, 0xDB, 0xFF, 0xAA, 0xDB, 0xFF, 0xAA, 0xDB, 0xFF, 0xAA, 0xDB, 0xFF, 0xAA, 0xDB, 0xFF,
    0xAA, 0xDB, 0xFF, 0xAA, 0xDB, 0xFF, 0xAA, 0xDB, 0xFF, 0xAA, 0xDB, 0xFF, 0xAA, 0xDB, 0xFF, 0xAA,
    0xDB, 0xFF, 0xAA, 0xDB, 0xFF, 0xAA, 0xDB, 0xFF, 0xAA, 0xDB, 0xFF, 0xAA, 0xDB, 0xFF, 0xAA, 0xDB,
    0xFF, 0xAA, 0xDB, 0xFF, 0xAA, 0xDB, 0xFF, 0xAA, 0xDB, 0xFF, 0xAA, 0xDB, 0xFF, 0xAA, 0xDB, 0xFF,
    0xAA, 0xDB, 0xFF, 0xAA, 0xDB, 0xFF, 0xAA, 0xDB, 0xFF, 0xAA, 0xDB, 0xFF, 0xAA, 0xDB, 0xFF, 0xAA,
    0xDB, 0xCD, 0xCA, 0xDB, 0x33, 0xFF, 0xFF, 0x00, 0xFF, 0xFF, 0x00, 0xFF, 0xFF, 0x00, 0xFF, 0xFF,
    0x00, 0xFF, 0xFF, 0x00, 0xFF, 0xFF, 0x00, 0xFF, 0xFF, 0x00, 0xFF, 0xFF, 0x00, 0xFF, 0xFF, 0x00,
    0xFF, 0xFF, 0x00, 0xFF, 0xFF, 0x00, 0xFF, 0xFF, 0x00, 0xFF, 0xFF, 0x00, 0xFF, 0xFF, 0x00, 0xFF,
    0xFF, 0x00, 0xFF, 0xFF, 0x00, 0xFF, 0xFF, 0x00, 0xFF, 0xFF, 0x00, 0xCA, 0xDB, 0x31, 0xAA, 0xDB,
    0xCB, 0xAA, 0xDB, 0xFF, 0xAA, 0xDB, 0xFF, 0xAA, 0xDB, 0xFF, 0xAA, 0xDB, 0xFF, 0xAA, 0xDB, 0xFF,
    0xAA, 0xDB, 0xFF, 0xAA, 0xDB, 0xFF, 0xAA, 0xDB, 0xFF, 0xAA, 0xDB, 0xFF, 0xAA, 0xDB, 0xFF, 0xAA,
    0xDB, 0xFF, 0xAA, 0xDB, 0xFF, 0xAA, 0xDB, 0xFF, 0xAA, 0xDB, 0xFF, 0xAA, 0xDB, 0xFF, 0xAA, 0xDB,
    0xFF, 0xAA, 0xDB, 0xFF, 0xAA, 0xDB, 0xFF, 0xAA, 0xDB, 0xFF, 0xAA, 0xDB, 0xFF, 0xAA, 0xDB, 0xFF,
    0xAA, 0xDB, 0xFF, 0xAA, 0xDB, 0xFF, 0xAA, 0xDB, 0xFF, 0xAA, 0xDB, 0xFF, 0xAA, 0xDB, 0xFF, 0xAA,
    0xDB, 0xFF, 0xAA, 0xDB, 0xFF, 0xAA, 0xDB, 0xFF, 0xAA, 0xDB, 0xFF, 0xAA, 0xDB, 0xFF, 0xAA, 0xDB,
    0xFF, 0xAA, 0xDB, 0xFF, 0xAA, 0xDB, 0xFF, 0xAA, 0xDB, 0xFF, 0xAA, 0xDB, 0xFF, 0xAA, 0xDB, 0xFF,
    0xAA, 0xDB, 0xFF, 0xAA, 0xDB, 0xFF, 0xAA, 0xDB, 0xFF, 0xAA, 0xDB, 0xFF, 0xAA, 0xDB, 0xFF, 0xAA,
    0xDB, 0xFF, 0xAA, 0xDB, 0xFF, 0xAA, 0xDB, 0xFF, 0xAA, 0xDB, 0xFF, 0xAA, 0xDB, 0xFF, 0xAA, 0xDB,
    0xFF, 0xAA, 0xDB, 0xFF, 0xAA, 0xDB, 0xFF, 0xAA, 0xDB, 0xFF, 0xAA, 0xDB, 0xFF, 0xAA, 0xDB, 0xFF,
    0xAA, 0xDB, 0xFF, 0xAA, 0xDB, 0xFF, 0xAA, 0xDB, 0xFF, 0xAA, 0xDB, 0xFF, 0xAA, 0xDB, 0xFF, 0xAA,
    0xDB, 0xCD, 0xCA, 0xDB, 0x33, 0xFF, 0xFF, 0x00, 0xFF, 0xFF, 0x00, 0xFF, 0xFF, 0x00, 0xFF, 0xFF,
    0x00, 0xFF, 0xFF, 0x00, 0xFF, 0xFF, 0x00, 0xFF, 0xFF, 0x00, 0xFF, 0xFF, 0x00, 0xFF, 0xFF, 0x00,
    0xFF, 0xFF, 0x00, 0xFF, 0xFF, 0x00, 0xFF, 0xFF, 0x00, 0xFF, 0xFF, 0x00, 0xFF, 0xFF, 0x00, 0xFF,
    0xFF, 0x00, 0xFF, 0xFF, 0x00, 0xFF, 0xFF, 0x00, 0xFF, 0xFF, 0x00, 0xCA, 0xDB, 0x31, 0xAA, 0xDB,
    0xCB, 0xAA, 0xDB, 0xFF, 0xAA, 0xDB, 0xFF, 0xAA, 0xDB, 0xFF, 0xAA, 0xDB, 0xFF, 0xAA, 0xDB, 0xFF,
    0xAA, 0xDB, 0xFF, 0xAA, 0xDB, 0xFF, 0xAA, 0xDB, 0xFF, 0xAA, 0xDB, 0xFF, 0xAA, 0xDB, 0xFF, 0xAA,
    0xDB, 0xFF, 0xAA, 0xDB, 0xFF, 0xAA, 0xDB, 0xFF, 0xAA, 0xDB, 0xFF, 0xAA, 0xDB, 0xFF, 0xAA, 0xDB,
    0xFF, 0xAA, 0xDB, 0xFF, 0xAA, 0xDB, 0xFF, 0xAA, 0xDB, 0xFF, 0xAA, 0xDB, 0xFF, 0xAA, 0xDB, 0xFF,
    0xAA, 0xDB, 0xFF, 0xAA, 0xDB, 0xFF, 0xAA, 0xDB, 0xFF, 0xAA, 0xDB, 0xFF, 0xAA, 0xDB, 0xFF, 0xAA,
    0xDB, 0xFF, 0xAA, 0xDB, 0xFF, 0xAA, 0xDB, 0xFF, 0xAA, 0xDB, 0xFF, 0xAA, 0xDB, 0xFF, 0xAA, 0xDB,
    0xFF, 0xAA, 0xDB, 0xFF, 0xAA, 0xDB, 0xFF, 0xAA, 0xDB, 0xFF, 0xAA, 0xDB, 0xFF, 0xAA, 0xDB, 0xFF,
    0xAA, 0xDB, 0xFF, 0xAA, 0xDB, 0xFF, 0xAA, 0xDB, 0xFF, 0xAA, 0xDB, 0xFF, 0xAA, 0xDB, 0xFF, 0xAA,
    0xDB, 0xFF, 0xAA, 0xDB, 0xFF, 0xAA, 0xDB, 0xFF, 0xAA, 0xDB, 0xFF, 0xAA, 0xDB, 0xFF, 0xAA, 0xDB,
    0xFF, 0xAA, 0xDB, 0xFF, 0xAA, 0xDB, 0xFF, 0xAA, 0xDB, 0xFF, 0xAA, 0xDB, 0xFF, 0xAA, 0xDB, 0xFF,
    0xAA, 0xDB, 0xFF, 0xAA, 0xDB, 0xFF, 0xAA, 0xDB, 0xFF, 0xAA, 0xDB, 0xFF, 0xAA, 0xDB, 0xFF, 0xAA,
    0xDB, 0xCD, 0xCA, 0xDB, 0x33, 0xFF, 0xFF, 0x00, 0xFF, 0xFF, 0x00, 0xFF, 0xFF, 0x00, 0xFF, 0xFF,
    0x00, 0xFF, 0xFF, 0x00, 0xFF, 0xFF, 0x00, 0xFF, 0xFF, 0x00, 0xFF, 0xFF, 0x00, 0xFF, 0xFF, 0x00,
    0xFF, 0xFF, 0x00, 0xFF, 0xFF, 0x00, 0xFF, 0xFF, 0x00, 0xFF, 0xFF, 0x00, 0xFF, 0xFF, 0x00, 0xFF,
    0xFF, 0x00, 0xFF, 0xFF, 0x00, 0xFF, 0xFF, 0x00, 0xFF, 0xFF, 0x00, 0xCA, 0xDB, 0x31, 0xAA, 0xDB,
    0xCB, 0xAA, 0xDB, 0xFF, 0xAA, 0xDB, 0xFF, 0xAA, 0xDB, 0xFF, 0xAA, 0xDB, 0xFF, 0xAA, 0xDB, 0xFF,
    0xAA, 0xDB, 0xFF, 0xAA, 0xDB, 0xFF, 0xAA, 0xDB, 0xFF, 0xAA, 0xDB, 0xFF, 0xAA, 0xDB, 0xFF, 0xAA,
    0xDB, 0xFF, 0xAA, 0xDB, 0xFF, 0xAA, 0xDB, 0xFF, 0xAA, 0xDB, 0xFF, 0xAA, 0xDB, 0xFF, 0xAA, 0xDB,
    0xFF, 0xAA, 0xDB, 0xFF, 0xAA, 0xDB, 0xFF, 0xAA, 0xDB, 0xFF, 0xAA, 0xDB, 0xFF, 0xAA, 0xDB, 0xFF,
    0xAA, 0xDB, 0xFF, 0xAA, 0xDB, 0xFF, 0xAA, 0xDB, 0xFF, 0xAA, 0xDB, 0xFF, 0xAA, 0xDB, 0xFF, 0xAA,
    0xDB, 0xFF, 0xAA, 0xDB, 0xFF, 0xAA, 0xDB, 0xFF, 0xAA, 0xDB, 0xFF, 0xAA, 0xDB, 0xFF, 0xAA, 0xDB,
    0xFF, 0xAA, 0xDB, 0xFF, 0xAA, 0xDB, 0xFF, 0xAA, 0xDB, 0xFF, 0xAA, 0xDB, 0xFF, 0xAA, 0xDB, 0xFF,
    0xAA, 0xDB, 0xFF, 0xAA, 0xDB, 0xFF, 0xAA, 0xDB, 0xFF, 0xAA, 0xDB, 0xFF, 0xAA, 0xDB, 0xFF, 0xAA,
    0xDB, 0xFF, 0xAA, 0xDB, 0xFF, 0xAA, 0xDB, 0xFF, 0xAA, 0xDB, 0xFF, 0xAA, 0xDB, 0xFF, 0xAA, 0xDB,
    0xFF, 0xAA, 0xDB, 0xFF, 0xAA, 0xDB, 0xFF, 0xAA, 0xDB, 0xFF, 0xAA, 0xDB, 0xFF, 0xAA, 0xDB, 0xFF,
    0xAA, 0xDB, 0xFF, 0xAA, 0xDB, 0xFF, 0xAA, 0xDB, 0xFF, 0xAA, 0xDB, 0xFF, 0xAA, 0xDB, 0xFF, 0xAA,
    0xDB, 0xCD, 0xCA, 0xDB, 0x33, 0xFF, 0xFF, 0x00, 0xFF, 0xFF, 0x00, 0xFF, 0xFF, 0x00, 0xFF, 0xFF,
    0x00, 0xFF, 0xFF, 0x00, 0xFF, 0xFF, 0x00, 0xFF, 0xFF, 0x00, 0xFF, 0xFF, 0x00, 0xFF, 0xFF, 0x00,
    0xFF, 0xFF, 0x00, 0xFF, 0xFF, 0x00, 0xFF, 0xFF, 0x00, 0xFF, 0xFF, 0x00, 0xFF, 0xFF, 0x00, 0xFF,
    0xFF, 0x00, 0xFF, 0xFF, 0x00, 0xFF, 0xFF, 0x00, 0xFF, 0xFF, 0x00, 0xCA, 0xDB, 0x31, 0xAA, 0xDB,
    0xCB, 0xAA, 0xDB, 0xFF, 0xAA, 0xDB, 0xFF, 0xAA, 0xDB, 0xFF, 0xAA, 0xDB, 0xFF, 0xAA, 0xDB, 0xFF,
    0xAA, 0xDB, 0xFF, 0xAA, 0xDB, 0xFF, 0xAA, 0xDB, 0xFF, 0xAA, 0xDB, 0xFF, 0xAA, 0xDB, 0xFF, 0xAA,
    0xDB, 0xFF, 0xAA, 0xDB, 0xFF, 0xAA, 0xDB, 0xFF, 0xAA, 0xDB, 0xFF, 0xAA, 0xDB, 0xFF, 0xAA, 0xDB,
    0xFF, 0xAA, 0xDB, 0xFF, 0xAA, 0xDB, 0xFF, 0xAA, 0xDB, 0xFF, 0xAA, 0xDB, 0xFF, 0xAA, 0xDB, 0xFF,
    0xAA, 0xDB, 0xFF, 0xAA, 0xDB, 0xFF, 0xAA, 0xDB, 0xFF, 0xAA, 0xDB, 0xFF, 0xAA, 0xDB, 0xFF, 0xAA,
    0xDB, 0xFF, 0xAA, 0xDB, 0xFF, 0xAA, 0xDB, 0xFF, 0xAA, 0xDB, 0xFF, 0xAA, 0xDB, 0xFF, 0xAA, 0xDB,
    0xFF, 0xAA, 0xDB, 0xFF, 0xAA, 0xDB, 0xFF, 0xAA, 0xDB, 0xFF, 0xAA, 0xDB, 0xFF, 0xAA, 0xDB, 0xFF,
    0xAA, 0xDB, 0xFF, 0xAA, 0xDB, 0xFF, 0xAA, 0xDB, 0xFF, 0xAA, 0xDB, 0xFF, 0xAA, 0xDB, 0xFF, 0xAA,
    0xDB, 0xFF, 0xAA, 0xDB, 0xFF, 0xAA, 0xDB, 0xFF, 0xAA, 0xDB, 0xFF, 0xAA, 0xDB, 0xFF, 0xAA, 0xDB,
    0xFF, 0xAA, 0xDB, 0xFF, 0xAA, 0xDB, 0xFF, 0xAA, 0xDB, 0xFF, 0xAA, 0xDB, 0xFF, 0xAA, 0xDB, 0xFF,
    0xAA, 0xDB, 0xFF, 0xAA, 0xDB, 0xFF, 0xAA, 0xDB, 0xFF, 0xAA, 0xDB, 0xFF, 0xAA, 0xDB, 0xFF, 0xAA,
    0xDB, 0xCD, 0xCA, 0xDB, 0x33, 0xFF, 0xFF, 0x00, 0xFF, 0xFF, 0x00, 0xFF, 0xFF, 0x00, 0xFF, 0xFF,
    0x00, 0xFF, 0xFF, 0x00, 0xFF, 0xFF, 0x00, 0xFF, 0xFF, 0x00, 0xFF, 0xFF, 0x00, 0xFF, 0xFF, 0x00,
    0xFF, 0xFF, 0x00, 0xFF, 0xFF, 0x00, 0xFF, 0xFF, 0x00, 0xFF, 0xFF, 0x00, 0xFF, 0xFF, 0x00, 0xFF,
    0xFF, 0x00, 0xFF, 0xFF, 0x00, 0xFF, 0xFF, 0x00, 0xFF, 0xFF, 0x00, 0xCA, 0xDB, 0x31, 0xAA, 0xDB,
    0xCB, 0xAA, 0xDB, 0xFF, 0xAA, 0xDB, 0xFF, 0xAA, 0xDB, 0xFF, 0xAA, 0xDB, 0xFF, 0xAA, 0xDB, 0xFF,
    0xAA, 0xDB, 0xFF, 0xAA, 0xDB, 0xFF, 0xAA, 0xDB, 0xFF, 0xAA, 0xDB, 0xFF, 0xAA, 0xDB, 0xFF, 0xAA,
    0xDB, 0xFF, 0xAA, 0xDB, 0xFF, 0xAA, 0xDB, 0xFF, 0xAA, 0xDB, 0xFF, 0xAA, 0xDB, 0xFF, 0xAA, 0xDB,
    0xFF, 0xAA, 0xDB, 0xFF, 0xAA, 0xDB, 0xFF, 0xAA, 0xDB, 0xFF, 0xAA, 0xDB, 0xFF, 0xAA, 0xDB, 0xFF,
    0xAA, 0xDB, 0xFF, 0xAA, 0xDB, 0xFF, 0xAA, 0xDB, 0xFF, 0xAA, 0xDB, 0xFF, 0xAA, 0xDB, 0xFF, 0xAA,
    0xDB, 0xFF, 0xAA, 0xDB, 0xFF, 0xAA, 0xDB, 0xFF, 0xAA, 0xDB, 0xFF, 0xAA, 0xDB, 0xFF, 0xAA, 0xDB,
    0xFF, 0xAA, 0xDB, 0xFF, 0xAA, 0xDB, 0xFF, 0xAA, 0xDB, 0xFF, 0xAA, 0xDB, 0xFF, 0xAA, 0xDB, 0xFF,
    0xAA, 0xDB, 0xFF, 0xAA, 0xDB, 0xFF, 0xAA, 0xDB, 0xFF, 0xAA, 0xDB, 0xFF, 0xAA, 0xDB, 0xFF, 0xAA,
    0xDB, 0xFF, 0xAA, 0xDB, 0xFF, 0xAA, 0xDB, 0xFF, 0xAA, 0xDB, 0xFF, 0xAA, 0xDB, 0xFF, 0xAA, 0xDB,
    0xFF, 0xAA, 0xDB, 0xFF, 0xAA, 0xDB, 0xFF, 0xAA, 0xDB, 0xFF, 0xAA, 0xDB, 0xFF, 0xAA, 0xDB, 0xFF,
    0xAA, 0xDB, 0xFF, 0xAA, 0xDB, 0xFF, 0xAA, 0xDB, 0xFF, 0xAA, 0xDB, 0xFF, 0xAA, 0xDB, 0xFF, 0xAA,
    0xDB, 0xCD, 0xCA, 0xDB, 0x33, 0xFF, 0xFF, 0x00, 0xFF, 0xFF, 0x00, 0xFF, 0xFF, 0x00, 0xFF, 0xFF,
    0x00, 0xFF, 0xFF, 0x00, 0xFF, 0xFF, 0x00, 0xFF, 0xFF, 0x00, 0xFF, 0xFF, 0x00, 0xFF, 0xFF, 0x00,
    0xFF, 0xFF, 0x00, 0xFF, 0xFF, 0x00, 0xFF, 0xFF, 0x00, 0xFF, 0xFF, 0x00, 0xFF, 0xFF, 0x00, 0xFF,
    0xFF, 0x00, 0xFF, 0xFF, 0x00, 0xFF, 0xFF, 0x00, 0xFF, 0xFF, 0x00, 0xCA, 0xDB, 0x31, 0xAA, 0xDB,
    0xCB, 0xAA, 0xDB, 0xFF, 0xAA, 0xDB, 0xFF, 0xAA, 0xDB, 0xFF, 0xAA, 0xDB, 0xFF, 0xAA, 0xDB, 0xFF,
    0xAA, 0xDB, 0xFF, 0xAA, 0xDB, 0xFF, 0xAA, 0xDB, 0xFF, 0xAA, 0xDB, 0xFF, 0xAA, 0xDB, 0xFF, 0xAA,
    0xDB, 0xFF, 0xAA, 0xDB, 0xFF, 0xAA, 0xDB, 0xFF, 0xAA, 0xDB, 0xFF, 0xAA, 0xDB, 0xFF, 0xAA, 0xDB,
    0xFF, 0xAA, 0xDB, 0xFF, 0xAA, 0xDB, 0xFF, 0xAA, 0xDB, 0xFF, 0xAA, 0xDB, 0xFF, 0xAA, 0xDB, 0xFF,
    0xAA, 0xDB, 0xFF, 0xAA, 0xDB, 0xFF, 0xAA, 0xDB, 0xFF, 0xAA, 0xDB, 0xFF, 0xAA, 0xDB, 0xFF, 0xAA,
    0xDB, 0xFF, 0xAA, 0xDB, 0xFF, 0xAA, 0xDB, 0xFF, 0xAA, 0xDB, 0xFF, 0xAA, 0xDB, 0xFF, 0xAA, 0xDB,
    0xFF, 0xAA, 0xDB, 0xFF, 0xAA, 0xDB, 0xFF, 0xAA, 0xDB, 0xFF, 0xAA, 0xDB, 0xFF, 0xAA, 0xDB, 0xFF,
    0xAA, 0xDB, 0xFF, 0xAA, 0xDB, 0xFF, 0xAA, 0xDB, 0xFF, 0xAA, 0xDB, 0xFF, 0xAA, 0xDB, 0xFF, 0xAA,
    0xDB, 0xFF, 0xAA, 0xDB, 0xFF, 0xAA, 0xDB, 0xFF, 0xAA, 0xDB, 0xFF, 0xAA, 0xDB, 0xFF, 0xAA, 0xDB,
    0xFF, 0xAA, 0xDB, 0xFF, 0xAA, 0xDB, 0xFF, 0xAA, 0xDB, 0xFF, 0xAA, 0xDB, 0xFF, 0xAA, 0xDB, 0xFF,
    0xAA, 0xDB, 0xFF, 0xAA, 0xDB, 0xFF, 0xAA, 0xDB, 0xFF, 0xAA, 0xDB, 0xFF, 0xAA, 0xDB, 0xFF, 0xAA,
    0xDB, 0xCD, 0xCA, 0xDB, 0x33, 0xFF, 0xFF, 0x00, 0xFF, 0xFF, 0x00, 0xFF, 0xFF, 0x00, 0xFF, 0xFF,
    0x00, 0xFF, 0xFF, 0x00, 0xFF, 0xFF, 0x00, 0xFF, 0xFF, 0x00, 0xFF, 0xFF, 0x00, 0xFF, 0xFF, 0x00,
    0xFF, 0xFF, 0x00, 0xFF, 0xFF, 0x00, 0xFF, 0xFF, 0x00, 0xFF, 0xFF, 0x00, 0xFF, 0xFF, 0x00, 0xFF,
    0xFF, 0x00, 0xFF, 0xFF, 0x00, 0xFF, 0xFF, 0x00, 0xFF, 0xFF, 0x00, 0xCA, 0xDB, 0x31, 0xAA, 0xDB,
    0xCB, 0xAA, 0xDB, 0xFF, 0xAA, 0xDB, 0xFF, 0xAA, 0xDB, 0xFF, 0xAA, 0xDB, 0xFF, 0xAA, 0xDB, 0xFF,
    0xAA, 0xDB, 0xFF, 0xAA, 0xDB, 0xFF, 0xAA, 0xDB, 0xFF, 0xAA, 0xDB, 0xFF, 0xAA, 0xDB, 0xFF, 0xAA,
    0xDB, 0xFF, 0xAA, 0xDB, 0xFF, 0xAA, 0xDB, 0xFF, 0xAA, 0xDB, 0xFF, 0xAA, 0xDB, 0xFF, 0xAA, 0xDB,
    0xFF, 0xAA, 0xDB, 0xFF, 0xAA, 0xDB, 0xFF, 0xAA, 0xDB, 0xFF, 0xAA, 0xDB, 0xFF, 0xAA, 0xDB, 0xFF,
    0xAA, 0xDB, 0xFF, 0xAA, 0xDB, 0xFF, 0xAA, 0xDB, 0xFF, 0xAA, 0xDB, 0xFF, 0xAA, 0xDB, 0xFF, 0xAA,
    0xDB, 0xFF, 0xAA, 0xDB, 0xFF, 0xAA, 0xDB, 0xFF, 0xAA, 0xDB, 0xFF, 0xAA, 0xDB, 0xFF, 0xAA, 0xDB,
    0xFF, 0xAA, 0xDB, 0xFF, 0xAA, 0xDB, 0xFF, 0xAA, 0xDB, 0xFF, 0xAA, 0xDB, 0xFF, 0xAA, 0xDB, 0xFF,
    0xAA, 0xDB, 0xFF, 0xAA, 0xDB, 0xFF, 0xAA, 0xDB, 0xFF, 0xAA, 0xDB, 0xFF, 0xAA, 0xDB, 0xFF, 0xAA,
    0xDB, 0xFF, 0xAA, 0xDB, 0xFF, 0xAA, 0xDB, 0xFF, 0xAA, 0xDB, 0xFF, 0xAA, 0xDB, 0xFF, 0xAA, 0xDB,
    0xFF, 0xAA, 0xDB, 0xFF, 0xAA, 0xDB, 0xFF, 0xAA, 0xDB, 0xFF, 0xAA, 0xDB, 0xFF, 0xAA, 0xDB, 0xFF,
    0xAA, 0xDB, 0xFF, 0xAA, 0xDB, 0xFF, 0xAA, 0xDB, 0xFF, 0xAA, 0xDB, 0xFF, 0xAA, 0xDB, 0xFF, 0xAA,
    0xDB, 0xCD, 0xCA, 0xDB, 0x33, 0xFF, 0xFF, 0x00, 0xFF, 0xFF, 0x00, 0xFF, 0xFF, 0x00, 0xFF, 0xFF,
    0x00, 0xFF, 0xFF, 0x00, 0xFF, 0xFF, 0x00, 0xFF, 0xFF, 0x00, 0xFF, 0xFF, 0x00, 0xFF, 0xFF, 0x00,
    0xFF, 0xFF, 0x00, 0xFF, 0xFF, 0x00, 0xFF, 0xFF, 0x00, 0xFF, 0xFF, 0x00, 0xFF, 0xFF, 0x00, 0xFF,
    0xFF, 0x00, 0xFF, 0xFF, 0x00, 0xFF, 0xFF, 0x00, 0xFF, 0xFF, 0x00, 0x8B, 0xDB, 0x1D, 0xAA, 0xDB,
    0x7A, 0xAA, 0xDB, 0x99, 0xAA, 0xDB, 0x99, 0xAA, 0xDB, 0x99, 0xAA, 0xDB, 0xAD, 0xAA, 0xDB, 0xEA,
    0xAA, 0xDB, 0xFF, 0xAA, 0xDB, 0xFF, 0xAA, 0xDB, 0xFF, 0xAA, 0xDB, 0xEB, 0xAA, 0xDB, 0xAE, 0xAA,
    0xDB, 0x99, 0xAA, 0xDB, 0x99, 0xAA, 0xDB, 0x99, 0xAA, 0xDB, 0xAD, 0xAA, 0xDB, 0xEA, 0xAA, 0xDB,
    0xFF, 0xAA, 0xDB, 0xFF, 0xAA, 0xDB, 0xFF, 0xAA, 0xDB, 0xEB, 0xAA, 0xDB, 0xAE, 0xAA, 0xDB, 0x99,
    0xAA, 0xDB, 0x99, 0xAA, 0xDB, 0x99, 0xAA, 0xDB, 0x99, 0xAA, 0xDB, 0x99, 0xAA, 0xDB, 0x99, 0xAA,
    0xDB, 0x99, 0xAA, 0xDB, 0x99, 0xAA, 0xDB, 0x99, 0xAA, 0xDB, 0x99, 0xAA, 0xDB, 0x99, 0xAA, 0xDB,
    0x99, 0xAA, 0xDB, 0x99, 0xAA, 0xDB, 0x99, 0xAA, 0xDB, 0x99, 0xAA, 0xDB, 0x99, 0xAA, 0xDB, 0x99,
    0xAA, 0xDB, 0x99, 0xAA, 0xDB, 0xAD, 0xAA, 0xDB, 0xEA, 0xAA, 0xDB, 0xFF, 0xAA, 0xDB, 0xFF, 0xAA,
    0xDB, 0xFF, 0xAA, 0xDB, 0xEB, 0xAA, 0xDB, 0xAE, 0xAA, 0xDB, 0x99, 0xAA, 0xDB, 0x99, 0xAA, 0xDB,
    0x99, 0xAA, 0xDB, 0xAD, 0xAA, 0xDB, 0xEA, 0xAA, 0xDB, 0xFF, 0xAA, 0xDB, 0xFF, 0xAA, 0xDB, 0xFF,
    0xAA, 0xDB, 0xEB, 0xAA, 0xDB, 0xAE, 0xAA, 0xDB, 0x99, 0xAA, 0xDB, 0x99, 0xAA, 0xDB, 0x99, 0xAA,
    0xDB, 0x7B, 0x8A, 0xD3, 0x1F, 0xFF, 0xFF, 0x00, 0xFF, 0xFF, 0x00, 0xFF, 0xFF, 0x00, 0xFF, 0xFF,
    0x00, 0xFF, 0xFF, 0x00, 0xFF, 0xFF, 0x00, 0xFF, 0xFF, 0x00, 0xFF, 0xFF, 0x00, 0xFF, 0xFF, 0x00,
    0xFF, 0xFF, 0x00, 0xFF, 0xFF, 0x00, 0xFF, 0xFF, 0x00, 0xFF, 0xFF, 0x00, 0xFF, 0xFF, 0x00, 0xFF,
    0xFF, 0x00, 0xFF, 0xFF, 0x00, 0xFF, 0xFF, 0x00, 0xFF, 0xFF, 0x00, 0xFF, 0xFF, 0x00, 0xFF, 0xFF,
    0x00, 0xFF, 0xFF, 0x00, 0xFF, 0xFF, 0x00, 0xFF, 0xFF, 0x00, 0xCA, 0xDB, 0x31, 0xAA, 0xDB, 0xCB,
    0xAA, 0xDB, 0xFF, 0xAA, 0xDB, 0xFF, 0xAA, 0xDB, 0xFF, 0xAA, 0xDB, 0xCD, 0xCA, 0xDB, 0x33, 0xFF,
    0xFF, 0x00, 0xFF, 0xFF, 0x00, 0xFF, 0xFF, 0x00, 0xCA, 0xDB, 0x31, 0xAA, 0xDB, 0xCB, 0xAA, 0xDB,
    0xFF, 0xAA, 0xDB, 0xFF, 0xAA, 0xDB, 0xFF, 0xAA, 0xDB, 0xCD, 0xCA, 0xDB, 0x33, 0xFF, 0xFF, 0x00,
    0xFF, 0xFF, 0x00, 0xFF, 0xFF, 0x00, 0xFF, 0xFF, 0x00, 0xFF, 0xFF, 0x00, 0xFF, 0xFF, 0x00, 0xFF,
    0xFF, 0x00, 0xFF, 0xFF, 0x00, 0xFF, 0xFF, 0x00, 0xFF, 0xFF, 0x00, 0xFF, 0xFF, 0x00, 0xFF, 0xFF,
    0x00, 0xFF, 0xFF, 0x00, 0xFF, 0xFF, 0x00, 0xFF, 0xFF, 0x00, 0xFF, 0xFF, 0x00, 0xFF, 0xFF, 0x00,
    0xFF, 0xFF, 0x00, 0xCA, 0xDB, 0x31, 0xAA, 0xDB, 0xCB, 0xAA, 0xDB, 0xFF, 0xAA, 0xDB, 0xFF, 0xAA,
    0xDB, 0xFF, 0xAA, 0xDB, 0xCD, 0xCA, 0xDB, 0x33, 0xFF, 0xFF, 0x00, 0xFF, 0xFF, 0x00, 0xFF, 0xFF,
    0x00, 0xCA, 0xDB, 0x31, 0xAA, 0xDB, 0xCB, 0xAA, 0xDB, 0xFF, 0xAA, 0xDB, 0xFF, 0xAA, 0xDB, 0xFF,
    0xAA, 0xDB, 0xCD, 0xCA, 0xDB, 0x33, 0xFF, 0xFF, 0x00, 0xFF, 0xFF, 0x00, 0xFF, 0xFF, 0x00, 0xFF,
    0xFF, 0x00, 0xFF, 0xFF, 0x00, 0xFF, 0xFF, 0x00, 0xFF, 0xFF, 0x00, 0xFF, 0xFF, 0x00, 0xFF, 0xFF,
    0x00, 0xFF, 0xFF, 0x00, 0xFF, 0xFF, 0x00, 0xFF, 0xFF, 0x00, 0xFF, 0xFF, 0x00, 0xFF, 0xFF, 0x00,
    0xFF, 0xFF, 0x00, 0xFF, 0xFF, 0x00, 0xFF, 0xFF, 0x00, 0xFF, 0xFF, 0x00, 0xFF, 0xFF, 0x00, 0xFF,
    0xFF, 0x00, 0xFF, 0xFF, 0x00, 0xFF, 0xFF, 0x00, 0xFF, 0xFF, 0x00, 0xFF, 0xFF, 0x00, 0xFF, 0xFF,
    0x00, 0xFF, 0xFF, 0x00, 0xFF, 0xFF, 0x00, 0xFF, 0xFF, 0x00, 0xCA, 0xDB, 0x31, 0xAA, 0xDB, 0xCB,
    0xAA, 0xDB, 0xFF, 0xAA, 0xDB, 0xFF, 0xAA, 0xDB, 0xFF, 0xAA, 0xDB, 0xCD, 0xCA, 0xDB, 0x33, 0xFF,
    0xFF, 0x00, 0xFF, 0xFF, 0x00, 0xFF, 0xFF, 0x00, 0xCA, 0xDB, 0x31, 0xAA, 0xDB, 0xCB, 0xAA, 0xDB,
    0xFF, 0xAA, 0xDB, 0xFF, 0xAA, 0xDB, 0xFF, 0xAA, 0xDB, 0xCD, 0xCA, 0xDB, 0x33, 0xFF, 0xFF, 0x00,
    0xFF, 0xFF, 0x00, 0xFF, 0xFF, 0x00, 0xFF, 0xFF, 0x00, 0xFF, 0xFF, 0x00, 0xFF, 0xFF, 0x00, 0xFF,
    0xFF, 0x00, 0xFF, 0xFF, 0x00, 0xFF, 0xFF, 0x00, 0xFF, 0xFF, 0x00, 0xFF, 0xFF, 0x00, 0xFF, 0xFF,
    0x00, 0xFF, 0xFF, 0x00, 0xFF, 0xFF, 0x00, 0xFF, 0xFF, 0x00, 0xFF, 0xFF, 0x00, 0xFF, 0xFF, 0x00,
    0xFF, 0xFF, 0x00, 0xCA, 0xDB, 0x31, 0xAA, 0xDB, 0xCB, 0xAA, 0xDB, 0xFF, 0xAA, 0xDB, 0xFF, 0xAA,
    0xDB, 0xFF, 0xAA, 0xDB, 0xCD, 0xCA, 0xDB, 0x33, 0xFF, 0xFF, 0x00, 0xFF, 0xFF, 0x00, 0xFF, 0xFF,
    0x00, 0xCA, 0xDB, 0x31, 0xAA, 0xDB, 0xCB, 0xAA, 0xDB, 0xFF, 0xAA, 0xDB, 0xFF, 0xAA, 0xDB, 0xFF,
    0xAA, 0xDB, 0xCD, 0xCA, 0xDB, 0x33, 0xFF, 0xFF, 0x00, 0xFF, 0xFF, 0x00, 0xFF, 0xFF, 0x00, 0xFF,
    0xFF, 0x00, 0xFF, 0xFF, 0x00, 0xFF, 0xFF, 0x00, 0xFF, 0xFF, 0x00, 0xFF, 0xFF, 0x00, 0xFF, 0xFF,
    0x00, 0xFF, 0xFF, 0x00, 0xFF, 0xFF, 0x00, 0xFF, 0xFF, 0x00, 0xFF, 0xFF, 0x00, 0xFF, 0xFF, 0x00,
    0xFF, 0xFF, 0x00, 0xFF, 0xFF, 0x00, 0xFF, 0xFF, 0x00, 0xFF, 0xFF, 0x00, 0xFF, 0xFF, 0x00, 0xFF,
    0xFF, 0x00, 0xFF, 0xFF, 0x00, 0xFF, 0xFF, 0x00, 0xFF, 0xFF, 0x00, 0xFF, 0xFF, 0x00, 0xFF, 0xFF,
    0x00, 0xFF, 0xFF, 0x00, 0xFF, 0xFF, 0x00, 0xFF, 0xFF, 0x00, 0xCA, 0xDB, 0x31, 0xAA, 0xDB, 0xCB,
    0xAA, 0xDB, 0xFF, 0xAA, 0xDB, 0xFF, 0xAA, 0xDB, 0xFF, 0xAA, 0xDB, 0xCD, 0xCA, 0xDB, 0x33, 0xFF,
    0xFF, 0x00, 0xFF, 0xFF, 0x00, 0xFF, 0xFF, 0x00, 0xCA, 0xDB, 0x31, 0xAA, 0xDB, 0xCB, 0xAA, 0xDB,
    0xFF, 0xAA, 0xDB, 0xFF, 0xAA, 0xDB, 0xFF, 0xAA, 0xDB, 0xCD, 0xCA, 0xDB, 0x33, 0xFF, 0xFF, 0x00,
    0xFF, 0xFF, 0x00, 0xFF, 0xFF, 0x00, 0xFF, 0xFF, 0x00, 0xFF, 0xFF, 0x00, 0xFF, 0xFF, 0x00, 0xFF,
    0xFF, 0x00, 0xFF, 0xFF, 0x00, 0xFF, 0xFF, 0x00, 0xFF, 0xFF, 0x00, 0xFF, 0xFF, 0x00, 0xFF, 0xFF,
    0x00, 0xFF, 0xFF, 0x00, 0xFF, 0xFF, 0x00, 0xFF, 0xFF, 0x00, 0xFF, 0xFF, 0x00, 0xFF, 0xFF, 0x00,
    0xFF, 0xFF, 0x00, 0xCA, 0xDB, 0x31, 0xAA, 0xDB, 0xCB, 0xAA, 0xDB, 0xFF, 0xAA, 0xDB, 0xFF, 0xAA,
    0xDB, 0xFF, 0xAA, 0xDB, 0xCD, 0xCA, 0xDB, 0x33, 0xFF, 0xFF, 0x00, 0xFF, 0xFF, 0x00, 0xFF, 0xFF,
    0x00, 0xCA, 0xDB, 0x31, 0xAA, 0xDB, 0xCB, 0xAA, 0xDB, 0xFF, 0xAA, 0xDB, 0xFF, 0xAA, 0xDB, 0xFF,
    0xAA, 0xDB, 0xCD, 0xCA, 0xDB, 0x33, 0xFF, 0xFF, 0x00, 0xFF, 0xFF, 0x00, 0xFF, 0xFF, 0x00, 0xFF,
    0xFF, 0x00, 0xFF, 0xFF, 0x00, 0xFF, 0xFF, 0x00, 0xFF, 0xFF, 0x00, 0xFF, 0xFF, 0x00, 0xFF, 0xFF,
    0x00, 0xFF, 0xFF, 0x00, 0xFF, 0xFF, 0x00, 0xFF, 0xFF, 0x00, 0xFF, 0xFF, 0x00, 0xFF, 0xFF, 0x00,
    0xFF, 0xFF, 0x00, 0xFF, 0xFF, 0x00, 0xFF, 0xFF, 0x00, 0xFF, 0xFF, 0x00, 0xFF, 0xFF, 0x00, 0xFF,
    0xFF, 0x00, 0xFF, 0xFF, 0x00, 0xFF, 0xFF, 0x00, 0xFF, 0xFF, 0x00, 0xFF, 0xFF, 0x00, 0xFF, 0xFF,
    0x00, 0xFF, 0xFF, 0x00, 0xFF, 0xFF, 0x00, 0xFF, 0xFF, 0x00, 0xCA, 0xDB, 0x31, 0xAA, 0xDB, 0xCB,
    0xAA, 0xDB, 0xFF, 0xAA, 0xDB, 0xFF, 0xAA, 0xDB, 0xFF, 0xAA, 0xDB, 0xCD, 0xCA, 0xDB, 0x33, 0xFF,
    0xFF, 0x00, 0xFF, 0xFF, 0x00, 0xFF, 0xFF, 0x00, 0xCA, 0xDB, 0x31, 0xAA, 0xDB, 0xCB, 0xAA, 0xDB,
    0xFF, 0xAA, 0xDB, 0xFF, 0xAA, 0xDB, 0xFF, 0xAA, 0xDB, 0xCD, 0xCA, 0xDB, 0x33, 0xFF, 0xFF, 0x00,
    0xFF, 0xFF, 0x00, 0xFF, 0xFF, 0x00, 0xFF, 0xFF, 0x00, 0xFF, 0xFF, 0x00, 0xFF, 0xFF, 0x00, 0xFF,
    0xFF, 0x00, 0xFF, 0xFF, 0x00, 0xFF, 0xFF, 0x00, 0xFF, 0xFF, 0x00, 0xFF, 0xFF, 0x00, 0xFF, 0xFF,
    0x00, 0xFF, 0xFF, 0x00, 0xFF, 0xFF, 0x00, 0xFF, 0xFF, 0x00, 0xFF, 0xFF, 0x00, 0xFF, 0xFF, 0x00,
    0xFF, 0xFF, 0x00, 0xCA, 0xDB, 0x31, 0xAA, 0xDB, 0xCB, 0xAA, 0xDB, 0xFF, 0xAA, 0xDB, 0xFF, 0xAA,
    0xDB, 0xFF, 0xAA, 0xDB, 0xCD, 0xCA, 0xDB, 0x33, 0xFF, 0xFF, 0x00, 0xFF, 0xFF, 0x00, 0xFF, 0xFF,
    0x00, 0xCA, 0xDB, 0x31, 0xAA, 0xDB, 0xCB, 0xAA, 0xDB, 0xFF, 0xAA, 0xDB, 0xFF, 0xAA, 0xDB, 0xFF,
    0xAA, 0xDB, 0xCD, 0xCA, 0xDB, 0x33, 0xFF, 0xFF, 0x00, 0xFF, 0xFF, 0x00, 0xFF, 0xFF, 0x00, 0xFF,
    0xFF, 0x00, 0xFF, 0xFF, 0x00, 0xFF, 0xFF, 0x00, 0xFF, 0xFF, 0x00, 0xFF, 0xFF, 0x00, 0xFF, 0xFF,
    0x00, 0xFF, 0xFF, 0x00, 0xFF, 0xFF, 0x00, 0xFF, 0xFF, 0x00, 0xFF, 0xFF, 0x00, 0xFF, 0xFF, 0x00,
    0xFF, 0xFF, 0x00, 0xFF, 0xFF, 0x00, 0xFF, 0xFF, 0x00, 0xFF, 0xFF, 0x00, 0xFF, 0xFF, 0x00, 0xFF,
    0xFF, 0x00, 0xFF, 0xFF, 0x00, 0xFF, 0xFF, 0x00, 0xFF, 0xFF, 0x00, 0xFF, 0xFF, 0x00, 0xFF, 0xFF,
    0x00, 0xFF, 0xFF, 0x00, 0xFF, 0xFF, 0x00, 0xFF, 0xFF, 0x00, 0xCA, 0xDB, 0x31, 0xAA, 0xDB, 0xCB,
    0xAA, 0xDB, 0xFF, 0xAA, 0xDB, 0xFF, 0xAA, 0xDB, 0xFF, 0xAA, 0xDB, 0xCD, 0xCA, 0xDB, 0x33, 0xFF,
    0xFF, 0x00, 0xFF, 0xFF, 0x00, 0xFF, 0xFF, 0x00, 0xCA, 0xDB, 0x31, 0xAA, 0xDB, 0xCB, 0xAA, 0xDB,
    0xFF, 0xAA, 0xDB, 0xFF, 0xAA, 0xDB, 0xFF, 0xAA, 0xDB, 0xCD, 0xCA, 0xDB, 0x33, 0xFF, 0xFF, 0x00,
    0xFF, 0xFF, 0x00, 0xFF, 0xFF, 0x00, 0xFF, 0xFF, 0x00, 0xFF, 0xFF, 0x00, 0xFF, 0xFF, 0x00, 0xFF,
    0xFF, 0x00, 0xFF, 0xFF, 0x00, 0xFF, 0xFF, 0x00, 0xFF, 0xFF, 0x00, 0xFF, 0xFF, 0x00, 0xFF, 0xFF,
    0x00, 0xFF, 0xFF, 0x00, 0xFF, 0xFF, 0x00, 0xFF, 0xFF, 0x00, 0xFF, 0xFF, 0x00, 0xFF, 0xFF, 0x00,
    0xFF, 0xFF, 0x00, 0xCA, 0xDB, 0x31, 0xAA, 0xDB, 0xCB, 0xAA, 0xDB, 0xFF, 0xAA, 0xDB, 0xFF, 0xAA,
    0xDB, 0xFF, 0xAA, 0xDB, 0xCD, 0xCA, 0xDB, 0x33, 0xFF, 0xFF, 0x00, 0xFF, 0xFF, 0x00, 0xFF, 0xFF,
    0x00, 0xCA, 0xDB, 0x31, 0xAA, 0xDB, 0xCB, 0xAA, 0xDB, 0xFF, 0xAA, 0xDB, 0xFF, 0xAA, 0xDB, 0xFF,
    0xAA, 0xDB, 0xCD, 0xCA, 0xDB, 0x33, 0xFF, 0xFF, 0x00, 0xFF, 0xFF, 0x00, 0xFF, 0xFF, 0x00, 0xFF,
    0xFF, 0x00, 0xFF, 0xFF, 0x00, 0xFF, 0xFF, 0x00, 0xFF, 0xFF, 0x00, 0xFF, 0xFF, 0x00, 0xFF, 0xFF,
    0x00, 0xFF, 0xFF, 0x00, 0xFF, 0xFF, 0x00, 0xFF, 0xFF, 0x00, 0xFF, 0xFF, 0x00, 0xFF, 0xFF, 0x00,
    0xFF, 0xFF, 0x00, 0xFF, 0xFF, 0x00, 0xFF, 0xFF, 0x00, 0xFF, 0xFF, 0x00, 0xFF, 0xFF, 0x00, 0xFF,
    0xFF, 0x00, 0xFF, 0xFF, 0x00, 0xFF, 0xFF, 0x00, 0xFF, 0xFF, 0x00, 0xFF, 0xFF, 0x00, 0xFF, 0xFF,
    0x00, 0xFF, 0xFF, 0x00, 0xFF, 0xFF, 0x00, 0xFF, 0xFF, 0x00, 0xCA, 0xDB, 0x31, 0xAA, 0xDB, 0xCB,
    0xAA, 0xDB, 0xFF, 0xAA, 0xDB, 0xFF, 0xAA, 0xDB, 0xFF, 0xAA, 0xDB, 0xCD, 0xCA, 0xDB, 0x33, 0xFF,
    0xFF, 0x00, 0xFF, 0xFF, 0x00, 0xFF, 0xFF, 0x00, 0xCA, 0xDB, 0x31, 0xAA, 0xDB, 0xCB, 0xAA, 0xDB,
    0xFF, 0xAA, 0xDB, 0xFF, 0xAA, 0xDB, 0xFF, 0xAA, 0xDB, 0xCD, 0xCA, 0xDB, 0x33, 0xFF, 0xFF, 0x00,
    0xFF, 0xFF, 0x00, 0xFF, 0xFF, 0x00, 0xFF, 0xFF, 0x00, 0xFF, 0xFF, 0x00, 0xFF, 0xFF, 0x00, 0xFF,
    0xFF, 0x00, 0xFF, 0xFF, 0x00, 0xFF, 0xFF, 0x00, 0xFF, 0xFF, 0x00, 0xFF, 0xFF, 0x00, 0xFF, 0xFF,
    0x00, 0xFF, 0xFF, 0x00, 0xFF, 0xFF, 0x00, 0xFF, 0xFF, 0x00, 0xFF, 0xFF, 0x00, 0xFF, 0xFF, 0x00,
    0xFF, 0xFF, 0x00, 0xCA, 0xDB, 0x31, 0xAA, 0xDB, 0xCB, 0xAA, 0xDB, 0xFF, 0xAA, 0xDB, 0xFF, 0xAA,
    0xDB, 0xFF, 0xAA, 0xDB, 0xCD, 0xCA, 0xDB, 0x33, 0xFF, 0xFF, 0x00, 0xFF, 0xFF, 0x00, 0xFF, 0xFF,
    0x00, 0xCA, 0xDB, 0x31, 0xAA, 0xDB, 0xCB, 0xAA, 0xDB, 0xFF, 0xAA, 0xDB, 0xFF, 0xAA, 0xDB, 0xFF,
    0xAA, 0xDB, 0xCD, 0xCA, 0xDB, 0x33, 0xFF, 0xFF, 0x00, 0xFF, 0xFF, 0x00, 0xFF, 0xFF, 0x00, 0xFF,
    0xFF, 0x00, 0xFF, 0xFF, 0x00, 0xFF, 0xFF, 0x00, 0xFF, 0xFF, 0x00, 0xFF, 0xFF, 0x00, 0xFF, 0xFF,
    0x00, 0xFF, 0xFF, 0x00, 0xFF, 0xFF, 0x00, 0xFF, 0xFF, 0x00, 0xFF, 0xFF, 0x00, 0xFF, 0xFF, 0x00,
    0xFF, 0xFF, 0x00, 0xFF, 0xFF, 0x00, 0xFF, 0xFF, 0x00, 0xFF, 0xFF, 0x00, 0xFF, 0xFF, 0x00, 0xFF,
    0xFF, 0x00, 0xFF, 0xFF, 0x00, 0xFF, 0xFF, 0x00, 0xFF, 0xFF, 0x00, 0xFF, 0xFF, 0x00, 0xFF, 0xFF,
    0x00, 0xFF, 0xFF, 0x00, 0xFF, 0xFF, 0x00, 0xFF, 0xFF, 0x00, 0xCA, 0xDB, 0x31, 0xAA, 0xDB, 0xCB,
    0xAA, 0xDB, 0xFF, 0xAA, 0xDB, 0xFF, 0xAA, 0xDB, 0xFF, 0xAA, 0xDB, 0xCD, 0xCA, 0xDB, 0x33, 0xFF,
    0xFF, 0x00, 0xFF, 0xFF, 0x00, 0xFF, 0xFF, 0x00, 0xCA, 0xDB, 0x31, 0xAA, 0xDB, 0xCB, 0xAA, 0xDB,
    0xFF, 0xAA, 0xDB, 0xFF, 0xAA, 0xDB, 0xFF, 0xAA, 0xDB, 0xCD, 0xCA, 0xDB, 0x33, 0xFF, 0xFF, 0x00,
    0xFF, 0xFF, 0x00, 0xFF, 0xFF, 0x00, 0xFF, 0xFF, 0x00, 0xFF, 0xFF, 0x00, 0xFF, 0xFF, 0x00, 0xFF,
    0xFF, 0x00, 0xFF, 0xFF, 0x00, 0xFF, 0xFF, 0x00, 0xFF, 0xFF, 0x00, 0xFF, 0xFF, 0x00, 0xFF, 0xFF,
    0x00, 0xFF, 0xFF, 0x00, 0xFF, 0xFF, 0x00, 0xFF, 0xFF, 0x00, 0xFF, 0xFF, 0x00, 0xFF, 0xFF, 0x00,
    0xFF, 0xFF, 0x00, 0xCA, 0xDB, 0x31, 0xAA, 0xDB, 0xCB, 0xAA, 0xDB, 0xFF, 0xAA, 0xDB, 0xFF, 0xAA,
    0xDB, 0xFF, 0xAA, 0xDB, 0xCD, 0xCA, 0xDB, 0x33, 0xFF, 0xFF, 0x00, 0xFF, 0xFF, 0x00, 0xFF, 0xFF,
    0x00, 0xCA, 0xDB, 0x31, 0xAA, 0xDB, 0xCB, 0xAA, 0xDB, 0xFF, 0xAA, 0xDB, 0xFF, 0xAA, 0xDB, 0xFF,
    0xAA, 0xDB, 0xCD, 0xCA, 0xDB, 0x33, 0xFF, 0xFF, 0x00, 0xFF, 0xFF, 0x00, 0xFF, 0xFF, 0x00, 0xFF,
    0xFF, 0x00, 0xFF, 0xFF, 0x00, 0xFF, 0xFF, 0x00, 0xFF, 0xFF, 0x00, 0xFF, 0xFF, 0x00, 0xFF, 0xFF,
    0x00, 0xFF, 0xFF, 0x00, 0xFF, 0xFF, 0x00, 0xFF, 0xFF, 0x00, 0xFF, 0xFF, 0x00, 0xFF, 0xFF, 0x00,
    0xFF, 0xFF, 0x00, 0xFF, 0xFF, 0x00, 0xFF, 0xFF, 0x00, 0xFF, 0xFF, 0x00, 0xFF, 0xFF, 0x00, 0xFF,
    0xFF, 0x00, 0xFF, 0xFF, 0x00, 0xFF, 0xFF, 0x00, 0xFF, 0xFF, 0x00, 0xFF, 0xFF, 0x00, 0xFF, 0xFF,
    0x00, 0xFF, 0xFF, 0x00, 0xFF, 0xFF, 0x00, 0xFF, 0xFF, 0x00, 0xCA, 0xDB, 0x31, 0xAA, 0xDB, 0xCB,
    0xAA, 0xDB, 0xFF, 0xAA, 0xDB, 0xFF, 0xAA, 0xDB, 0xFF, 0xAA, 0xDB, 0xCD, 0xCA, 0xDB, 0x33, 0xFF,
    0xFF, 0x00, 0xFF, 0xFF, 0x00, 0xFF, 0xFF, 0x00, 0xCA, 0xDB, 0x31, 0xAA, 0xDB, 0xCB, 0xAA, 0xDB,
    0xFF, 0xAA, 0xDB, 0xFF, 0xAA, 0xDB, 0xFF, 0xAA, 0xDB, 0xCD, 0xCA, 0xDB, 0x33, 0xFF, 0xFF, 0x00,
    0xFF, 0xFF, 0x00, 0xFF, 0xFF, 0x00, 0xFF, 0xFF, 0x00, 0xFF, 0xFF, 0x00, 0xFF, 0xFF, 0x00, 0xFF,
    0xFF, 0x00, 0xFF, 0xFF, 0x00, 0xFF, 0xFF, 0x00, 0xFF, 0xFF, 0x00, 0xFF, 0xFF, 0x00, 0xFF, 0xFF,
    0x00, 0xFF, 0xFF, 0x00, 0xFF, 0xFF, 0x00, 0xFF, 0xFF, 0x00, 0xFF, 0xFF, 0x00, 0xFF, 0xFF, 0x00,
    0xFF, 0xFF, 0x00, 0xCA, 0xDB, 0x31, 0xAA, 0xDB, 0xCB, 0xAA, 0xDB, 0xFF, 0xAA, 0xDB, 0xFF, 0xAA,
    0xDB, 0xFF, 0xAA, 0xDB, 0xCD, 0xCA, 0xDB, 0x33, 0xFF, 0xFF, 0x00, 0xFF, 0xFF, 0x00, 0xFF, 0xFF,
    0x00, 0xCA, 0xDB, 0x31, 0xAA, 0xDB, 0xCB, 0xAA, 0xDB, 0xFF, 0xAA, 0xDB, 0xFF, 0xAA, 0xDB, 0xFF,
    0xAA, 0xDB, 0xCD, 0xCA, 0xDB, 0x33, 0xFF, 0xFF, 0x00, 0xFF, 0xFF, 0x00, 0xFF, 0xFF, 0x00, 0xFF,
    0xFF, 0x00, 0xFF, 0xFF, 0x00, 0xFF, 0xFF, 0x00, 0xFF, 0xFF, 0x00, 0xFF, 0xFF, 0x00, 0xFF, 0xFF,
    0x00, 0xFF, 0xFF, 0x00, 0xFF, 0xFF, 0x00, 0xFF, 0xFF, 0x00, 0xFF, 0xFF, 0x00, 0xFF, 0xFF, 0x00,
    0xFF, 0xFF, 0x00, 0xFF, 0xFF, 0x00, 0xFF, 0xFF, 0x00, 0xFF, 0xFF, 0x00, 0xFF, 0xFF, 0x00, 0xFF,
    0xFF, 0x00, 0xFF, 0xFF, 0x00, 0xFF, 0xFF, 0x00, 0xFF, 0xFF, 0x00, 0xFF, 0xFF, 0x00, 0xFF, 0xFF,
    0x00, 0xFF, 0xFF, 0x00, 0xFF, 0xFF, 0x00, 0xFF, 0xFF, 0x00, 0xCA, 0xDB, 0x31, 0xAA, 0xDB, 0xCB,
    0xAA, 0xDB, 0xFF, 0xAA, 0xDB, 0xFF, 0xAA, 0xDB, 0xFF, 0xAA, 0xDB, 0xCD, 0xCA, 0xDB, 0x33, 0xFF,
    0xFF, 0x00, 0xFF, 0xFF, 0x00, 0xFF, 0xFF, 0x00, 0xCA, 0xDB, 0x31, 0xAA, 0xDB, 0xCB, 0xAA, 0xDB,
    0xFF, 0xAA, 0xDB, 0xFF, 0xAA, 0xDB, 0xFF, 0xAA, 0xDB, 0xCD, 0xCA, 0xDB, 0x33, 0xFF, 0xFF, 0x00,
    0xFF, 0xFF, 0x00, 0xFF, 0xFF, 0x00, 0xFF, 0xFF, 0x00, 0xFF, 0xFF, 0x00, 0xFF, 0xFF, 0x00, 0xFF,
    0xFF, 0x00, 0xFF, 0xFF, 0x00, 0xFF, 0xFF, 0x00, 0xFF, 0xFF, 0x00, 0xFF, 0xFF, 0x00, 0xFF, 0xFF,
    0x00, 0xFF, 0xFF, 0x00, 0xFF, 0xFF, 0x00, 0xFF, 0xFF, 0x00, 0xFF, 0xFF, 0x00, 0xFF, 0xFF, 0x00,
    0xFF, 0xFF, 0x00, 0xCA, 0xDB, 0x31, 0xAA, 0xDB, 0xCB, 0xAA, 0xDB, 0xFF, 0xAA, 0xDB, 0xFF, 0xAA,
    0xDB, 0xFF, 0xAA, 0xDB, 0xCD, 0xCA, 0xDB, 0x33, 0xFF, 0xFF, 0x00, 0xFF, 0xFF, 0x00, 0xFF, 0xFF,
    0x00, 0xCA, 0xDB, 0x31, 0xAA, 0xDB, 0xCB, 0xAA, 0xDB, 0xFF, 0xAA, 0xDB, 0xFF, 0xAA, 0xDB, 0xFF,
    0xAA, 0xDB, 0xCD, 0xCA, 0xDB, 0x33, 0xFF, 0xFF, 0x00, 0xFF, 0xFF, 0x00, 0xFF, 0xFF, 0x00, 0xFF,
    0xFF, 0x00, 0xFF, 0xFF, 0x00, 0xFF, 0xFF, 0x00, 0xFF, 0xFF, 0x00, 0xFF, 0xFF, 0x00, 0xFF, 0xFF,
    0x00, 0xFF, 0xFF, 0x00, 0xFF, 0xFF, 0x00, 0xFF, 0xFF, 0x00, 0xFF, 0xFF, 0x00, 0xFF, 0xFF, 0x00,
    0xFF, 0xFF, 0x00, 0xFF, 0xFF, 0x00, 0xFF, 0xFF, 0x00, 0xFF, 0xFF, 0x00, 0xFF, 0xFF, 0x00, 0xFF,
    0xFF, 0x00, 0xFF, 0xFF, 0x00, 0xFF, 0xFF, 0x00, 0xFF, 0xFF, 0x00, 0xFF, 0xFF, 0x00, 0xFF, 0xFF,
    0x00, 0xFF, 0xFF, 0x00, 0xFF, 0xFF, 0x00, 0xFF, 0xFF, 0x00, 0x8B, 0xDB, 0x1D, 0xAA, 0xDB, 0x7A,
    0xAA, 0xDB, 0x99, 0xAA, 0xDB, 0x99, 0xAA, 0xDB, 0x99, 0xAA, 0xDB, 0x7B, 0x8A, 0xD3, 0x1F, 0xFF,
    0xFF, 0x00, 0xFF, 0xFF, 0x00, 0xFF, 0xFF, 0x00, 0x8B, 0xDB, 0x1D, 0xAA, 0xDB, 0x7A, 0xAA, 0xDB,
    0x99, 0xAA, 0xDB, 0x99, 0xAA, 0xDB, 0x99, 0xAA, 0xDB, 0x7B, 0x8A, 0xD3, 0x1F, 0xFF, 0xFF, 0x00,
    0xFF, 0xFF, 0x00, 0xFF, 0xFF, 0x00, 0xFF, 0xFF, 0x00, 0xFF, 0xFF, 0x00, 0xFF, 0xFF, 0x00, 0xFF,
    0xFF, 0x00, 0xFF, 0xFF, 0x00, 0xFF, 0xFF, 0x00, 0xFF, 0xFF, 0x00, 0xFF, 0xFF, 0x00, 0xFF, 0xFF,
    0x00, 0xFF, 0xFF, 0x00, 0xFF, 0xFF, 0x00, 0xFF, 0xFF, 0x00, 0xFF, 0xFF, 0x00, 0xFF, 0xFF, 0x00,
    0xFF, 0xFF, 0x00, 0x8B, 0xDB, 0x1D, 0xAA, 0xDB, 0x7A, 0xAA, 0xDB, 0x99, 0xAA, 0xDB, 0x99, 0xAA,
    0xDB, 0x99, 0xAA, 0xDB, 0x7B, 0x8A, 0xD3, 0x1F, 0xFF, 0xFF, 0x00, 0xFF, 0xFF, 0x00, 0xFF, 0xFF,
    0x00, 0x8B, 0xDB, 0x1D, 0xAA, 0xDB, 0x7A, 0xAA, 0xDB, 0x99, 0xAA, 0xDB, 0x99, 0xAA, 0xDB, 0x99,
    0xAA, 0xDB, 0x7B, 0x8A, 0xD3, 0x1F, 0xFF, 0xFF, 0x00, 0xFF, 0xFF, 0x00, 0xFF, 0xFF, 0x00, 0xFF,
    0xFF, 0x00, 0xFF, 0xFF, 0x00, 0xFF, 0xFF, 0x00, 0xFF, 0xFF, 0x00, 0xFF, 0xFF, 0x00, 0xFF, 0xFF,
    0x00, 0xFF, 0xFF, 0x00, 0xFF, 0xFF, 0x00, 0xFF, 0xFF, 0x00, 0xFF, 0xFF, 0x00, 0xFF, 0xFF, 0x00,
    0xFF, 0xFF, 0x00, 0xFF, 0xFF, 0x00, 0xFF, 0xFF, 0x00, 0xFF, 0xFF, 0x00, 0xFF, 0xFF, 0x00, 0xFF,
    0xFF, 0x00, 0xFF, 0xFF, 0x00, 0xFF, 0xFF, 0x00, 0xFF, 0xFF, 0x00, 0xFF, 0xFF, 0x00, 0xFF, 0xFF,
    0x00, 0xFF, 0xFF, 0x00, 0xFF, 0xFF, 0x00, 0xFF, 0xFF, 0x00, 0xFF, 0xFF, 0x00, 0xFF, 0xFF, 0x00,
    0xFF, 0xFF, 0x00, 0xFF, 0xFF, 0x00, 0xFF, 0xFF, 0x00, 0xFF, 0xFF, 0x00, 0xFF, 0xFF, 0x00, 0xFF,
    0xFF, 0x00, 0xFF, 0xFF, 0x00, 0xFF, 0xFF, 0x00, 0xFF, 0xFF, 0x00, 0xFF, 0xFF, 0x00, 0xFF, 0xFF,
    0x00, 0xFF, 0xFF, 0x00, 0xFF, 0xFF, 0x00, 0xFF, 0xFF, 0x00, 0xFF, 0xFF, 0x00, 0xFF, 0xFF, 0x00,
    0xFF, 0xFF, 0x00, 0xFF, 0xFF, 0x00, 0xFF, 0xFF, 0x00, 0xFF, 0xFF, 0x00, 0xFF, 0xFF, 0x00, 0xFF,
    0xFF, 0x00, 0xFF, 0xFF, 0x00, 0xFF, 0xFF, 0x00, 0xFF, 0xFF, 0x00, 0xFF, 0xFF, 0x00, 0xFF, 0xFF,
    0x00, 0xFF, 0xFF, 0x00, 0xFF, 0xFF, 0x00, 0xFF, 0xFF, 0x00, 0xFF, 0xFF, 0x00, 0xFF, 0xFF, 0x00,
    0xFF, 0xFF, 0x00, 0xFF, 0xFF, 0x00, 0xFF, 0xFF, 0x00, 0xFF, 0xFF, 0x00, 0xFF, 0xFF, 0x00, 0xFF,
    0xFF, 0x00, 0xFF, 0xFF, 0x00, 0xFF, 0xFF, 0x00, 0xFF, 0xFF, 0x00, 0xFF, 0xFF, 0x00, 0xFF, 0xFF,
    0x00, 0xFF, 0xFF, 0x00, 0xFF, 0xFF, 0x00, 0xFF, 0xFF, 0x00, 0xFF, 0xFF, 0x00, 0xFF, 0xFF, 0x00,
    0xFF, 0xFF, 0x00, 0xFF, 0xFF, 0x00, 0xFF, 0xFF, 0x00, 0xFF, 0xFF, 0x00, 0xFF, 0xFF, 0x00, 0xFF,
    0xFF, 0x00, 0xFF, 0xFF, 0x00, 0xFF, 0xFF, 0x00, 0xFF, 0xFF, 0x00, 0xFF, 0xFF, 0x00, 0xFF, 0xFF,
    0x00, 0xFF, 0xFF, 0x00, 0xFF, 0xFF, 0x00, 0xFF, 0xFF, 0x00, 0xFF, 0xFF, 0x00, 0xFF, 0xFF, 0x00,
    0xFF, 0xFF, 0x00, 0xFF, 0xFF, 0x00, 0xFF, 0xFF, 0x00, 0xFF, 0xFF, 0x00, 0xFF, 0xFF, 0x00, 0xFF,
    0xFF, 0x00, 0xFF, 0xFF, 0x00, 0xFF, 0xFF, 0x00, 0xFF, 0xFF, 0x00, 0xFF, 0xFF, 0x00, 0xFF, 0xFF,
    0x00, 0xFF, 0xFF, 0x00, 0xFF, 0xFF, 0x00, 0xFF, 0xFF, 0x00, 0xFF, 0xFF, 0x00, 0xFF, 0xFF, 0x00,
    0xFF, 0xFF, 0x00, 0xFF, 0xFF, 0x00, 0xFF, 0xFF, 0x00, 0xFF, 0xFF, 0x00, 0xFF, 0xFF, 0x00, 0xFF,
    0xFF, 0x00, 0xFF, 0xFF, 0x00, 0xFF, 0xFF, 0x00, 0xFF, 0xFF, 0x00, 0xFF, 0xFF, 0x00, 0xFF, 0xFF,
    0x00, 0xFF, 0xFF, 0x00, 0xFF, 0xFF, 0x00, 0xFF, 0xFF, 0x00, 0xFF, 0xFF, 0x00, 0xFF, 0xFF, 0x00,
    0xFF, 0xFF, 0x00, 0xFF, 0xFF, 0x00, 0xFF, 0xFF, 0x00, 0xFF, 0xFF, 0x00, 0xFF, 0xFF, 0x00, 0xFF,
    0xFF, 0x00, 0xFF, 0xFF, 0x00, 0xFF, 0xFF, 0x00, 0xFF, 0xFF, 0x00, 0xFF, 0xFF, 0x00, 0xFF, 0xFF,
    0x00, 0xFF, 0xFF, 0x00, 0xFF, 0xFF, 0x00, 0xFF, 0xFF, 0x00, 0xFF, 0xFF, 0x00, 0xFF, 0xFF, 0x00,
    0xFF, 0xFF, 0x00, 0xFF, 0xFF, 0x00, 0xFF, 0xFF, 0x00, 0xFF, 0xFF, 0x00, 0xFF, 0xFF, 0x00, 0xFF,
    0xFF, 0x00, 0xFF, 0xFF, 0x00, 0xFF, 0xFF, 0x00, 0xFF, 0xFF, 0x00, 0xFF, 0xFF, 0x00, 0xFF, 0xFF,
    0x00, 0xFF, 0xFF, 0x00, 0xFF, 0xFF, 0x00, 0xFF, 0xFF, 0x00, 0xFF, 0xFF, 0x00, 0xFF, 0xFF, 0x00,
    0xFF, 0xFF, 0x00, 0xFF, 0xFF, 0x00, 0xFF, 0xFF, 0x00, 0xFF, 0xFF, 0x00, 0xFF, 0xFF, 0x00, 0xFF,
    0xFF, 0x00, 0xFF, 0xFF, 0x00, 0xFF, 0xFF, 0x00, 0xFF, 0xFF, 0x00, 0xFF, 0xFF, 0x00, 0xFF, 0xFF,
    0x00, 0xFF, 0xFF, 0x00, 0xFF, 0xFF, 0x00, 0xFF, 0xFF, 0x00, 0xFF, 0xFF, 0x00, 0xFF, 0xFF, 0x00,
    0xFF, 0xFF, 0x00, 0xFF, 0xFF, 0x00, 0xFF, 0xFF, 0x00, 0xFF, 0xFF, 0x00, 0xFF, 0xFF, 0x00, 0xFF,
    0xFF, 0x00, 0xFF, 0xFF, 0x00, 0xFF, 0xFF, 0x00, 0xFF, 0xFF, 0x00, 0xFF, 0xFF, 0x00, 0xFF, 0xFF,
    0x00, 0xFF, 0xFF, 0x00, 0xFF, 0xFF, 0x00, 0xFF, 0xFF, 0x00, 0xFF, 0xFF, 0x00, 0xFF, 0xFF, 0x00,
    0xFF, 0xFF, 0x00, 0xFF, 0xFF, 0x00, 0xFF, 0xFF, 0x00, 0xFF, 0xFF, 0x00, 0xFF, 0xFF, 0x00, 0xFF,
    0xFF, 0x00, 0xFF, 0xFF, 0x00, 0xFF, 0xFF, 0x00, 0xFF, 0xFF, 0x00, 0xFF, 0xFF, 0x00, 0xFF, 0xFF,
    0x00, 0xFF, 0xFF, 0x00, 0xFF, 0xFF, 0x00, 0xFF, 0xFF, 0x00, 0xFF, 0xFF, 0x00, 0xFF, 0xFF, 0x00,
    0xFF, 0xFF, 0x00, 0xFF, 0xFF, 0x00, 0xFF, 0xFF, 0x00, 0xFF, 0xFF, 0x00, 0xFF, 0xFF, 0x00, 0xFF,
    0xFF, 0x00, 0xFF, 0xFF, 0x00, 0xFF, 0xFF, 0x00, 0xFF, 0xFF, 0x00, 0xFF, 0xFF, 0x00, 0xFF, 0xFF,
    0x00, 0xFF, 0xFF, 0x00, 0xFF, 0xFF, 0x00, 0xFF, 0xFF, 0x00, 0xFF, 0xFF, 0x00, 0xFF, 0xFF, 0x00,
    0xFF, 0xFF, 0x00, 0xFF, 0xFF, 0x00, 0xFF, 0xFF, 0x00, 0xFF, 0xFF, 0x00, 0xFF, 0xFF, 0x00, 0xFF,
    0xFF, 0x00, 0xFF, 0xFF, 0x00, 0xFF, 0xFF, 0x00, 0xFF, 0xFF, 0x00, 0xFF, 0xFF, 0x00, 0xFF, 0xFF,
    0x00, 0xFF, 0xFF, 0x00, 0xFF, 0xFF, 0x00, 0xFF, 0xFF, 0x00, 0xFF, 0xFF, 0x00, 0xFF, 0xFF, 0x00,
    0xFF, 0xFF, 0x00, 0xFF, 0xFF, 0x00, 0xFF, 0xFF, 0x00, 0xFF, 0xFF, 0x00, 0xFF, 0xFF, 0x00, 0xFF,
    0xFF, 0x00, 0xFF, 0xFF, 0x00, 0xFF, 0xFF, 0x00, 0xFF, 0xFF, 0x00, 0xFF, 0xFF, 0x00, 0xFF, 0xFF,
    0x00, 0xFF, 0xFF, 0x00, 0xFF, 0xFF, 0x00, 0xFF, 0xFF, 0x00, 0xFF, 0xFF, 0x00, 0xFF, 0xFF, 0x00,
    0xFF, 0xFF, 0x00, 0xFF, 0xFF, 0x00, 0xFF, 0xFF, 0x00, 0xFF, 0xFF, 0x00, 0xFF, 0xFF, 0x00, 0xFF,
    0xFF, 0x00, 0xFF, 0xFF, 0x00, 0xFF, 0xFF, 0x00, 0xFF, 0xFF, 0x00, 0xFF, 0xFF, 0x00, 0xFF, 0xFF,
    0x00, 0xFF, 0xFF, 0x00, 0xFF, 0xFF, 0x00, 0xFF, 0xFF, 0x00, 0xFF, 0xFF, 0x00, 0xFF, 0xFF, 0x00,
    0xFF, 0xFF, 0x00, 0xFF, 0xFF, 0x00, 0xFF, 0xFF, 0x00, 0xFF, 0xFF, 0x00, 0xFF, 0xFF, 0x00, 0xFF,
    0xFF, 0x00, 0xFF, 0xFF, 0x00, 0xFF, 0xFF, 0x00, 0xFF, 0xFF, 0x00, 0xFF, 0xFF, 0x00, 0xFF, 0xFF,
    0x00, 0xFF, 0xFF, 0x00, 0xFF, 0xFF, 0x00, 0xFF, 0xFF, 0x00, 0xFF, 0xFF, 0x00, 0xFF, 0xFF, 0x00,
    0xFF, 0xFF, 0x00, 0xFF, 0xFF, 0x00, 0xFF, 0xFF, 0x00, 0xFF, 0xFF, 0x00, 0xFF, 0xFF, 0x00, 0xFF,
    0xFF, 0x00, 0xFF, 0xFF, 0x00, 0xFF, 0xFF, 0x00, 0xFF, 0xFF, 0x00, 0xFF, 0xFF, 0x00, 0xFF, 0xFF,
    0x00, 0xFF, 0xFF, 0x00, 0xFF, 0xFF, 0x00, 0xFF, 0xFF, 0x00, 0xFF, 0xFF, 0x00, 0xFF, 0xFF, 0x00,
    0xFF, 0xFF, 0x00, 0xFF, 0xFF, 0x00, 0xFF, 0xFF, 0x00, 0xFF, 0xFF, 0x00, 0xFF, 0xFF, 0x00, 0xFF,
    0xFF, 0x00, 0xFF, 0xFF, 0x00, 0xFF, 0xFF, 0x00, 0xFF, 0xFF, 0x00, 0xFF, 0xFF, 0x00, 0xFF, 0xFF,
    0x00, 0xFF, 0xFF, 0x00, 0xFF, 0xFF, 0x00, 0xFF, 0xFF, 0x00, 0xFF, 0xFF, 0x00, 0xFF, 0xFF, 0x00,
    0xFF, 0xFF, 0x00, 0xFF, 0xFF, 0x00, 0xFF, 0xFF, 0x00, 0xFF, 0xFF, 0x00, 0xFF, 0xFF, 0x00, 0xFF,
    0xFF, 0x00, 0xFF, 0xFF, 0x00, 0xFF, 0xFF, 0x00, 0xFF, 0xFF, 0x00, 0xFF, 0xFF, 0x00, 0xFF, 0xFF,
    0x00, 0xFF, 0xFF, 0x00, 0xFF, 0xFF, 0x00, 0xFF, 0xFF, 0x00, 0xFF, 0xFF, 0x00, 0xFF, 0xFF, 0x00,
    0xFF, 0xFF, 0x00, 0xFF, 0xFF, 0x00, 0xFF, 0xFF, 0x00, 0xFF, 0xFF, 0x00, 0xFF, 0xFF, 0x00, 0xFF,
    0xFF, 0x00, 0xFF, 0xFF, 0x00, 0xFF, 0xFF, 0x00, 0xFF, 0xFF, 0x00, 0xFF, 0xFF, 0x00, 0xFF, 0xFF,
    0x00, 0xFF, 0xFF, 0x00, 0xFF, 0xFF, 0x00, 0xFF, 0xFF, 0x00, 0xFF, 0xFF, 0x00, 0xFF, 0xFF, 0x00,
    0xFF, 0xFF, 0x00, 0xFF, 0xFF, 0x00, 0xFF, 0xFF, 0x00, 0xFF, 0xFF, 0x00, 0xFF, 0xFF, 0x00, 0xFF,
    0xFF, 0x00, 0xFF, 0xFF, 0x00, 0xFF, 0xFF, 0x00, 0xFF, 0xFF, 0x00, 0xFF, 0xFF, 0x00, 0xFF, 0xFF,
    0x00, 0xFF, 0xFF, 0x00, 0xFF, 0xFF, 0x00, 0xFF, 0xFF, 0x00, 0xFF, 0xFF, 0x00, 0xFF, 0xFF, 0x00,
    0xFF, 0xFF, 0x00, 0xFF, 0xFF, 0x00, 0xFF, 0xFF, 0x00, 0xFF, 0xFF, 0x00, 0xFF, 0xFF, 0x00, 0xFF,
    0xFF, 0x00, 0xFF, 0xFF, 0x00, 0xFF, 0xFF, 0x00, 0xFF, 0xFF, 0x00, 0xFF, 0xFF, 0x00, 0xFF, 0xFF,
    0x00, 0xFF, 0xFF, 0x00, 0xFF, 0xFF, 0x00, 0xFF, 0xFF, 0x00, 0xFF, 0xFF, 0x00, 0xFF, 0xFF, 0x00,
    0xFF, 0xFF, 0x00, 0xFF, 0xFF, 0x00, 0xFF, 0xFF, 0x00, 0xFF, 0xFF, 0x00, 0xFF, 0xFF, 0x00, 0xFF,
    0xFF, 0x00, 0xFF, 0xFF, 0x00, 0xFF, 0xFF, 0x00, 0xFF, 0xFF, 0x00, 0xFF, 0xFF, 0x00, 0xFF, 0xFF,
    0x00, 0xFF, 0xFF, 0x00, 0xFF, 0xFF, 0x00, 0xFF, 0xFF, 0x00, 0xFF, 0xFF, 0x00, 0xFF, 0xFF, 0x00,
    0xFF, 0xFF, 0x00, 0xFF, 0xFF, 0x00, 0xFF, 0xFF, 0x00, 0xFF, 0xFF, 0x00, 0xFF, 0xFF, 0x00, 0xFF,
    0xFF, 0x00, 0xFF, 0xFF, 0x00, 0xFF, 0xFF, 0x00, 0xFF, 0xFF, 0x00, 0xFF, 0xFF, 0x00, 0xFF, 0xFF,
    0x00, 0xFF, 0xFF, 0x00, 0xFF, 0xFF, 0x00, 0xFF, 0xFF, 0x00, 0xFF, 0xFF, 0x00, 0xFF, 0xFF, 0x00,
    0xFF, 0xFF, 0x00, 0xFF, 0xFF, 0x00, 0xFF, 0xFF, 0x00, 0xFF, 0xFF, 0x00, 0xFF, 0xFF, 0x00, 0xFF,
    0xFF, 0x00, 0xFF, 0xFF, 0x00, 0xFF, 0xFF, 0x00, 0xFF, 0xFF, 0x00, 0xFF, 0xFF, 0x00, 0xFF, 0xFF,
    0x00, 0xFF, 0xFF, 0x00, 0xFF, 0xFF, 0x00, 0xFF, 0xFF, 0x00, 0xFF, 0xFF, 0x00, 0xFF, 0xFF, 0x00,
    0xFF, 0xFF, 0x00, 0xFF, 0xFF, 0x00, 0xFF, 0xFF, 0x00, 0xFF, 0xFF, 0x00, 0xFF, 0xFF, 0x00, 0xFF,
    0xFF, 0x00, 0xFF, 0xFF, 0x00, 0xFF, 0xFF, 0x00, 0xFF, 0xFF, 0x00, 0xFF, 0xFF, 0x00, 0xFF, 0xFF,
    0x00, 0xFF, 0xFF, 0x00, 0xFF, 0xFF, 0x00, 0xFF, 0xFF, 0x00, 0xFF, 0xFF, 0x00, 0xFF, 0xFF, 0x00,
    0xFF, 0xFF, 0x00, 0xFF, 0xFF, 0x00, 0xFF, 0xFF, 0x00, 0xFF, 0xFF, 0x00, 0xFF, 0xFF, 0x00, 0xFF,
    0xFF, 0x00, 0xFF, 0xFF, 0x00, 0xFF, 0xFF, 0x00, 0xFF, 0xFF, 0x00, 0xFF, 0xFF, 0x00, 0xFF, 0xFF,
    0x00, 0xFF, 0xFF, 0x00, 0xFF, 0xFF, 0x00, 0xFF, 0xFF, 0x00, 0xFF, 0xFF, 0x00, 0xFF, 0xFF, 0x00,
    0xFF, 0xFF, 0x00, 0xFF, 0xFF, 0x00, 0xFF, 0xFF, 0x00, 0xFF, 0xFF, 0x00, 0xFF, 0xFF, 0x00, 0xFF,
    0xFF, 0x00, 0xFF, 0xFF, 0x00, 0xFF, 0xFF, 0x00, 0xFF, 0xFF, 0x00, 0xFF, 0xFF, 0x00, 0xFF, 0xFF,
    0x00, 0xFF, 0xFF, 0x00, 0xFF, 0xFF, 0x00, 0xFF, 0xFF, 0x00, 0xFF, 0xFF, 0x00, 0xFF, 0xFF, 0x00,
    0xFF, 0xFF, 0x00, 0xFF, 0xFF, 0x00, 0xFF, 0xFF, 0x00, 0xFF, 0xFF, 0x00, 0xFF, 0xFF, 0x00, 0xFF,
    0xFF, 0x00, 0xFF, 0xFF, 0x00, 0xFF, 0xFF, 0x00, 0xFF, 0xFF, 0x00, 0xFF, 0xFF, 0x00, 0xFF, 0xFF,
    0x00, 0xFF, 0xFF, 0x00, 0xFF, 0xFF, 0x00, 0xFF, 0xFF, 0x00, 0xFF, 0xFF, 0x00, 0xFF, 0xFF, 0x00,
    0xFF, 0xFF, 0x00, 0xFF, 0xFF, 0x00, 0xFF, 0xFF, 0x00, 0xFF, 0xFF, 0x00, 0xFF, 0xFF, 0x00, 0xFF,
    0xFF, 0x00, 0xFF, 0xFF, 0x00, 0xFF, 0xFF, 0x00, 0xFF, 0xFF, 0x00, 0xFF, 0xFF, 0x00, 0xFF, 0xFF,
    0x00, 0xFF, 0xFF, 0x00, 0xFF, 0xFF, 0x00, 0xFF, 0xFF, 0x00, 0xFF, 0xFF, 0x00, 0xFF, 0xFF, 0x00,
    0xFF, 0xFF, 0x00, 0xFF, 0xFF, 0x00, 0xFF, 0xFF, 0x00, 0xFF, 0xFF, 0x00, 0xFF, 0xFF, 0x00, 0xFF,
    0xFF, 0x00, 0xFF, 0xFF, 0x00, 0xFF, 0xFF, 0x00, 0xFF, 0xFF, 0x00, 0xFF, 0xFF, 0x00, 0xFF, 0xFF,
    0x00, 0xFF, 0xFF, 0x00, 0xFF, 0xFF, 0x00, 0xFF, 0xFF, 0x00, 0xFF, 0xFF, 0x00, 0xFF, 0xFF, 0x00,
    0xFF, 0xFF, 0x00, 0xFF, 0xFF, 0x00, 0xFF, 0xFF, 0x00, 0xFF, 0xFF, 0x00, 0xFF, 0xFF, 0x00, 0xFF,
    0xFF, 0x00, 0xFF, 0xFF, 0x00, 0xFF, 0xFF, 0x00, 0xFF, 0xFF, 0x00, 0xFF, 0xFF, 0x00, 0xFF, 0xFF,
    0x00, 0xFF, 0xFF, 0x00, 0xFF, 0xFF, 0x00, 0xFF, 0xFF, 0x00, 0xFF, 0xFF, 0x00, 0xFF, 0xFF, 0x00,
    0xFF, 0xFF, 0x00, 0xFF, 0xFF, 0x00, 0xFF, 0xFF, 0x00, 0xFF, 0xFF, 0x00, 0xFF, 0xFF, 0x00, 0xFF,
    0xFF, 0x00, 0xFF, 0xFF, 0x00, 0xFF, 0xFF, 0x00, 0xFF, 0xFF, 0x00, 0xFF, 0xFF, 0x00, 0xFF, 0xFF,
    0x00, 0xFF, 0xFF, 0x00, 0xFF, 0xFF, 0x00, 0xFF, 0xFF, 0x00, 0xFF, 0xFF, 0x00, 0xFF, 0xFF, 0x00,
    0xFF, 0xFF, 0x00, 0xFF, 0xFF, 0x00, 0xFF, 0xFF, 0x00, 0xFF, 0xFF, 0x00, 0xFF, 0xFF, 0x00, 0xFF,
    0xFF, 0x00, 0xFF, 0xFF, 0x00, 0xFF, 0xFF, 0x00, 0xFF, 0xFF, 0x00, 0xFF, 0xFF, 0x00, 0xFF, 0xFF,
    0x00, 0xFF, 0xFF, 0x00, 0xFF, 0xFF, 0x00, 0xFF, 0xFF, 0x00, 0xFF, 0xFF, 0x00, 0xFF, 0xFF, 0x00,
    0xFF, 0xFF, 0x00, 0xFF, 0xFF, 0x00, 0xFF, 0xFF, 0x00, 0xFF, 0xFF, 0x00, 0xFF, 0xFF, 0x00, 0xFF,
    0xFF, 0x00, 0xFF, 0xFF, 0x00, 0xFF, 0xFF, 0x00, 0xFF, 0xFF, 0x00, 0xFF, 0xFF, 0x00, 0xFF, 0xFF,
    0x00, 0xFF, 0xFF, 0x00, 0xFF, 0xFF, 0x00, 0xFF, 0xFF, 0x00, 0xFF, 0xFF, 0x00, 0xFF, 0xFF, 0x00,
    0xFF, 0xFF, 0x00, 0xFF, 0xFF, 0x00, 0xFF, 0xFF, 0x00, 0xFF, 0xFF, 0x00, 0xFF, 0xFF, 0x00, 0xFF,
    0xFF, 0x00, 0xFF, 0xFF, 0x00, 0xFF, 0xFF, 0x00, 0xFF, 0xFF, 0x00, 0xFF, 0xFF, 0x00, 0xFF, 0xFF,
    0x00, 0xFF, 0xFF, 0x00, 0xFF, 0xFF, 0x00, 0xFF, 0xFF, 0x00, 0xFF, 0xFF, 0x00, 0xFF, 0xFF, 0x00,
    0xFF, 0xFF, 0x00, 0xFF, 0xFF, 0x00, 0xFF, 0xFF, 0x00, 0xFF, 0xFF, 0x00, 0xFF, 0xFF, 0x00, 0xFF,
    0xFF, 0x00, 0xFF, 0xFF, 0x00, 0xFF, 0xFF, 0x00, 0xFF, 0xFF, 0x00, 0xFF, 0xFF, 0x00, 0xFF, 0xFF,
    0x00, 0xFF, 0xFF, 0x00, 0xFF, 0xFF, 0x00, 0xFF, 0xFF, 0x00, 0xFF, 0xFF, 0x00, 0xFF, 0xFF, 0x00,
    0xFF, 0xFF, 0x00, 0xFF, 0xFF, 0x00, 0xFF, 0xFF, 0x00, 0xFF, 0xFF, 0x00, 0xFF, 0xFF, 0x00, 0xFF,
    0xFF, 0x00, 0xFF, 0xFF, 0x00, 0xFF, 0xFF, 0x00, 0xFF, 0xFF, 0x00, 0xFF, 0xFF, 0x00, 0xFF, 0xFF,
    0x00, 0xFF, 0xFF, 0x00, 0xFF, 0xFF, 0x00, 0xFF, 0xFF, 0x00, 0xFF, 0xFF, 0x00, 0xFF, 0xFF, 0x00,
    0xFF, 0xFF, 0x00, 0xFF, 0xFF, 0x00, 0xFF, 0xFF, 0x00, 0xFF, 0xFF, 0x00, 0xFF, 0xFF, 0x00, 0xFF,
    0xFF, 0x00, 0xFF, 0xFF, 0x00, 0xFF, 0xFF, 0x00, 0xFF, 0xFF, 0x00, 0xFF, 0xFF, 0x00, 0xFF, 0xFF,
    0x00, 0xFF, 0xFF, 0x00, 0xFF, 0xFF, 0x00, 0xFF, 0xFF, 0x00, 0xFF, 0xFF, 0x00, 0xFF, 0xFF, 0x00,
    0xFF, 0xFF, 0x00, 0xFF, 0xFF, 0x00, 0xFF, 0xFF, 0x00, 0xFF, 0xFF, 0x00, 0xFF, 0xFF, 0x00, 0xFF,
    0xFF, 0x00, 0xFF, 0xFF, 0x00, 0xFF, 0xFF, 0x00, 0xFF, 0xFF, 0x00, 0xFF, 0xFF, 0x00, 0xFF, 0xFF,
    0x00, 0xFF, 0xFF, 0x00, 0xFF, 0xFF, 0x00, 0xFF, 0xFF, 0x00, 0xFF, 0xFF, 0x00, 0xFF, 0xFF, 0x00,
    0xFF, 0xFF, 0x00, 0xFF, 0xFF, 0x00, 0xFF, 0xFF, 0x00, 0xFF, 0xFF, 0x00, 0xFF, 0xFF, 0x00, 0xFF,
    0xFF, 0x00, 0xFF, 0xFF, 0x00, 0xFF, 0xFF, 0x00, 0xFF, 0xFF, 0x00, 0xFF, 0xFF, 0x00, 0xFF, 0xFF,
    0x00, 0xFF, 0xFF, 0x00, 0xFF, 0xFF, 0x00, 0xFF, 0xFF, 0x00, 0xFF, 0xFF, 0x00, 0xFF, 0xFF, 0x00,
    0xFF, 0xFF, 0x00, 0xFF, 0xFF, 0x00, 0xFF, 0xFF, 0x00, 0xFF, 0xFF, 0x00, 0xFF, 0xFF, 0x00, 0xFF,
    0xFF, 0x00, 0xFF, 0xFF, 0x00, 0xFF, 0xFF, 0x00, 0xFF, 0xFF, 0x00, 0xFF, 0xFF, 0x00, 0xFF, 0xFF,
    0x00, 0xFF, 0xFF, 0x00, 0xFF, 0xFF, 0x00, 0xFF, 0xFF, 0x00, 0xFF, 0xFF, 0x00, 0xFF, 0xFF, 0x00,
    0xFF, 0xFF, 0x00, 0xFF, 0xFF, 0x00, 0xFF, 0xFF, 0x00, 0xFF, 0xFF, 0x00, 0xFF, 0xFF, 0x00, 0xFF,
    0xFF, 0x00, 0xFF, 0xFF, 0x00, 0xFF, 0xFF, 0x00, 0xFF, 0xFF, 0x00, 0xFF, 0xFF, 0x00, 0xFF, 0xFF,
    0x00, 0xFF, 0xFF, 0x00, 0xFF, 0xFF, 0x00, 0xFF, 0xFF, 0x00, 0xFF, 0xFF, 0x00, 0xFF, 0xFF, 0x00,
    0xFF, 0xFF, 0x00, 0xFF, 0xFF, 0x00, 0xFF, 0xFF, 0x00, 0xFF, 0xFF, 0x00, 0xFF, 0xFF, 0x00, 0xFF,
    0xFF, 0x00, 0xFF, 0xFF, 0x00, 0xFF, 0xFF, 0x00, 0xFF, 0xFF, 0x00, 0xFF, 0xFF, 0x00, 0xFF, 0xFF,
    0x00, 0xFF, 0xFF, 0x00, 0xFF, 0xFF, 0x00, 0xFF, 0xFF, 0x00, 0xFF, 0xFF, 0x00, 0xFF, 0xFF, 0x00,
    0xFF, 0xFF, 0x00, 0xFF, 0xFF, 0x00, 0xFF, 0xFF, 0x00, 0xFF, 0xFF, 0x00, 0xFF, 0xFF, 0x00, 0xFF,
    0xFF, 0x00, 0xFF, 0xFF, 0x00, 0xFF, 0xFF, 0x00, 0xFF, 0xFF, 0x00, 0xFF, 0xFF, 0x00, 0xFF, 0xFF,
    0x00, 0xFF, 0xFF, 0x00, 0xFF, 0xFF, 0x00, 0xFF, 0xFF, 0x00, 0xFF, 0xFF, 0x00, 0xFF, 0xFF, 0x00,
    0xFF, 0xFF, 0x00, 0xFF, 0xFF, 0x00, 0xFF, 0xFF, 0x00, 0xFF, 0xFF, 0x00, 0xFF, 0xFF, 0x00, 0xFF,
    0xFF, 0x00, 0xFF, 0xFF, 0x00, 0xFF, 0xFF, 0x00, 0xFF, 0xFF, 0x00, 0xFF, 0xFF, 0x00, 0xFF, 0xFF,
    0x00, 0xFF, 0xFF, 0x00, 0xFF, 0xFF, 0x00, 0xFF, 0xFF, 0x00, 0xFF, 0xFF, 0x00, 0xFF, 0xFF, 0x00,
    0xFF, 0xFF, 0x00, 0xFF, 0xFF, 0x00, 0xFF, 0xFF, 0x00, 0xFF, 0xFF, 0x00, 0xFF, 0xFF, 0x00, 0xFF,
    0xFF, 0x00, 0xFF, 0xFF, 0x00, 0xFF, 0xFF, 0x00, 0xFF, 0xFF, 0x00, 0xFF, 0xFF, 0x00, 0xFF, 0xFF,
    0x00, 0xFF, 0xFF, 0x00, 0xFF, 0xFF, 0x00, 0xFF, 0xFF, 0x00, 0xFF, 0xFF, 0x00, 0xFF, 0xFF, 0x00,
    0xFF, 0xFF, 0x00, 0xFF, 0xFF, 0x00, 0xFF, 0xFF, 0x00, 0xFF, 0xFF, 0x00, 0xFF, 0xFF, 0x00, 0xFF,
    0xFF, 0x00, 0xFF, 0xFF, 0x00, 0xFF, 0xFF, 0x00, 0xFF, 0xFF, 0x00, 0xFF, 0xFF, 0x00, 0xFF, 0xFF,
    0x00, 0xFF, 0xFF, 0x00, 0xFF, 0xFF, 0x00, 0xFF, 0xFF, 0x00, 0xFF, 0xFF, 0x00, 0xFF, 0xFF, 0x00,
    0xFF, 0xFF, 0x00, 0xFF, 0xFF, 0x00, 0xFF, 0xFF, 0x00, 0xFF, 0xFF, 0x00, 0xFF, 0xFF, 0x00, 0xFF,
    0xFF, 0x00, 0xFF, 0xFF, 0x00, 0xFF, 0xFF, 0x00, 0xFF, 0xFF, 0x00, 0xFF, 0xFF, 0x00, 0xFF, 0xFF,
    0x00, 0xFF, 0xFF, 0x00, 0xFF, 0xFF, 0x00, 0xFF, 0xFF, 0x00, 0xFF, 0xFF, 0x00, 0xFF, 0xFF, 0x00,
    0xFF, 0xFF, 0x00, 0xFF, 0xFF, 0x00, 0xFF, 0xFF, 0x00, 0xFF, 0xFF, 0x00, 0xFF, 0xFF, 0x00, 0xFF,
    0xFF, 0x00, 0xFF, 0xFF, 0x00, 0xFF, 0xFF, 0x00, 0xFF, 0xFF, 0x00, 0xFF, 0xFF, 0x00, 0xFF, 0xFF,
    0x00, 0xFF, 0xFF, 0x00, 0xFF, 0xFF, 0x00, 0xFF, 0xFF, 0x00, 0xFF, 0xFF, 0x00, 0xFF, 0xFF, 0x00,
    0xFF, 0xFF, 0x00, 0xFF, 0xFF, 0x00, 0xFF, 0xFF, 0x00, 0xFF, 0xFF, 0x00, 0xFF, 0xFF, 0x00, 0xFF,
    0xFF, 0x00, 0xFF, 0xFF, 0x00, 0xFF, 0xFF, 0x00, 0xFF, 0xFF, 0x00, 0xFF, 0xFF, 0x00, 0xFF, 0xFF,
    0x00, 0xFF, 0xFF, 0x00, 0xFF, 0xFF, 0x00, 0xFF, 0xFF, 0x00, 0xFF, 0xFF, 0x00, 0xFF, 0xFF, 0x00,
    0xFF, 0xFF, 0x00, 0xFF, 0xFF, 0x00, 0xFF, 0xFF, 0x00, 0xFF, 0xFF, 0x00, 0xFF, 0xFF, 0x00, 0xFF,
    0xFF, 0x00, 0xFF, 0xFF, 0x00, 0xFF, 0xFF, 0x00, 0xFF, 0xFF, 0x00, 0xFF, 0xFF, 0x00, 0xFF, 0xFF,
    0x00, 0xFF, 0xFF, 0x00, 0xFF, 0xFF, 0x00, 0xFF, 0xFF, 0x00, 0xFF, 0xFF, 0x00, 0xFF, 0xFF, 0x00,
    0xFF, 0xFF, 0x00, 0xFF, 0xFF, 0x00, 0xFF, 0xFF, 0x00, 0xFF, 0xFF, 0x00, 0xFF, 0xFF, 0x00, 0xFF,
    0xFF, 0x00, 0xFF, 0xFF, 0x00, 0xFF, 0xFF, 0x00, 0xFF, 0xFF, 0x00, 0xFF, 0xFF, 0x00, 0xFF, 0xFF,
    0x00, 0xFF, 0xFF, 0x00, 0xFF, 0xFF, 0x00, 0xFF, 0xFF, 0x00, 0xFF, 0xFF, 0x00, 0xFF, 0xFF, 0x00,
    0xFF, 0xFF, 0x00, 0xFF, 0xFF, 0x00, 0xFF, 0xFF, 0x00, 0xFF, 0xFF, 0x00, 0xFF, 0xFF, 0x00, 0xFF,
    0xFF, 0x00, 0xFF, 0xFF, 0x00, 0xFF, 0xFF, 0x00, 0xFF, 0xFF, 0x00, 0xFF, 0xFF, 0x00, 0xFF, 0xFF,
    0x00, 0xFF, 0xFF, 0x00, 0xFF, 0xFF, 0x00, 0xFF, 0xFF, 0x00, 0xFF, 0xFF, 0x00, 0xFF, 0xFF, 0x00,
    0xFF, 0xFF, 0x00, 0xFF, 0xFF, 0x00, 0xFF, 0xFF, 0x00, 0xFF, 0xFF, 0x00, 0xFF, 0xFF, 0x00, 0xFF,
    0xFF, 0x00, 0xFF, 0xFF, 0x00, 0xFF, 0xFF, 0x00, 0xFF, 0xFF, 0x00, 0xFF, 0xFF, 0x00, 0xFF, 0xFF,
    0x00, 0xFF, 0xFF, 0x00, 0xFF, 0xFF, 0x00, 0xFF, 0xFF, 0x00, 0xFF, 0xFF, 0x00, 0xFF, 0xFF, 0x00,
    0xFF, 0xFF, 0x00, 0xFF, 0xFF, 0x00, 0xFF, 0xFF, 0x00, 0xFF, 0xFF, 0x00, 0xFF, 0xFF, 0x00, 0xFF,
    0xFF, 0x00, 0xFF, 0xFF, 0x00, 0xFF, 0xFF, 0x00, 0xFF, 0xFF, 0x00, 0xFF, 0xFF, 0x00, 0xFF, 0xFF,
    0x00, 0xFF, 0xFF, 0x00, 0xFF, 0xFF, 0x00, 0xFF, 0xFF, 0x00, 0xFF, 0xFF, 0x00, 0xFF, 0xFF, 0x00,
    0xFF, 0xFF, 0x00, 0xFF, 0xFF, 0x00, 0xFF, 0xFF, 0x00, 0xFF, 0xFF, 0x00, 0xFF, 0xFF, 0x00, 0xFF,
    0xFF, 0x00, 0xFF, 0xFF, 0x00, 0xFF, 0xFF, 0x00, 0xFF, 0xFF, 0x00, 0xFF, 0xFF, 0x00, 0xFF, 0xFF,
    0x00, 0xFF, 0xFF, 0x00, 0xFF, 0xFF, 0x00, 0xFF, 0xFF, 0x00, 0xFF, 0xFF, 0x00, 0xFF, 0xFF, 0x00,
    0xFF, 0xFF, 0x00, 0xFF, 0xFF, 0x00, 0xFF, 0xFF, 0x00, 0xFF, 0xFF, 0x00, 0xFF, 0xFF, 0x00, 0xFF,
    0xFF, 0x00, 0xFF, 0xFF, 0x00, 0xFF, 0xFF, 0x00, 0xFF, 0xFF, 0x00, 0xFF, 0xFF, 0x00, 0xFF, 0xFF,
    0x00, 0xFF, 0xFF, 0x00, 0xFF, 0xFF, 0x00, 0xFF, 0xFF, 0x00, 0xFF, 0xFF, 0x00, 0xFF, 0xFF, 0x00,
    0xFF, 0xFF, 0x00, 0xFF, 0xFF, 0x00, 0xFF, 0xFF, 0x00, 0xFF, 0xFF, 0x00, 0xFF, 0xFF, 0x00, 0xFF,
    0xFF, 0x00, 0xFF, 0xFF, 0x00, 0xFF, 0xFF, 0x00, 0xFF, 0xFF, 0x00, 0xFF, 0xFF, 0x00, 0xFF, 0xFF,
    0x00, 0xFF, 0xFF, 0x00, 0xFF, 0xFF, 0x00, 0xFF, 0xFF, 0x00, 0xFF, 0xFF, 0x00, 0xFF, 0xFF, 0x00,
    0xFF, 0xFF, 0x00, 0xFF, 0xFF, 0x00, 0xFF, 0xFF, 0x00, 0xFF, 0xFF, 0x00, 0xFF, 0xFF, 0x00, 0xFF,
    0xFF, 0x00, 0xFF, 0xFF, 0x00, 0xFF, 0xFF, 0x00, 0xFF, 0xFF, 0x00, 0xFF, 0xFF, 0x00, 0xFF, 0xFF,
    0x00, 0xFF, 0xFF, 0x00, 0xFF, 0xFF, 0x00, 0xFF, 0xFF, 0x00, 0xFF, 0xFF, 0x00, 0xFF, 0xFF, 0x00,
    0xFF, 0xFF, 0x00, 0xFF, 0xFF, 0x00, 0xFF, 0xFF, 0x00, 0xFF, 0xFF, 0x00, 0xFF, 0xFF, 0x00, 0xFF,
    0xFF, 0x00, 0xFF, 0xFF, 0x00, 0xFF, 0xFF, 0x00, 0xFF, 0xFF, 0x00, 0xFF, 0xFF, 0x00, 0xFF, 0xFF,
    0x00, 0xFF, 0xFF, 0x00, 0xFF, 0xFF, 0x00, 0xFF, 0xFF, 0x00, 0xFF, 0xFF, 0x00, 0xFF, 0xFF, 0x00,
    0xFF, 0xFF, 0x00, 0xFF, 0xFF, 0x00, 0xFF, 0xFF, 0x00, 0xFF, 0xFF, 0x00, 0xFF, 0xFF, 0x00, 0xFF,
    0xFF, 0x00, 0xFF, 0xFF, 0x00, 0xFF, 0xFF, 0x00, 0xFF, 0xFF, 0x00, 0xFF, 0xFF, 0x00, 0xFF, 0xFF,
    0x00, 0xFF, 0xFF, 0x00, 0xFF, 0xFF, 0x00, 0xFF, 0xFF, 0x00, 0xFF, 0xFF, 0x00, 0xFF, 0xFF, 0x00,
    0xFF, 0xFF, 0x00, 0xFF, 0xFF, 0x00, 0xFF, 0xFF, 0x00, 0xFF, 0xFF, 0x00, 0xFF, 0xFF, 0x00, 0xFF,
    0xFF, 0x00, 0xFF, 0xFF, 0x00, 0xFF, 0xFF, 0x00, 0xFF, 0xFF, 0x00, 0xFF, 0xFF, 0x00, 0xFF, 0xFF,
    0x00, 0xFF, 0xFF, 0x00, 0xFF, 0xFF, 0x00, 0xFF, 0xFF, 0x00, 0xFF, 0xFF, 0x00, 0xFF, 0xFF, 0x00,
    0xFF, 0xFF, 0x00, 0xFF, 0xFF, 0x00, 0xFF, 0xFF, 0x00, 0xFF, 0xFF, 0x00, 0xFF, 0xFF, 0x00, 0xFF,
    0xFF, 0x00, 0xFF, 0xFF, 0x00, 0xFF, 0xFF, 0x00, 0xFF, 0xFF, 0x00, 0xFF, 0xFF, 0x00, 0xFF, 0xFF,
    0x00, 0xFF, 0xFF, 0x00, 0xFF, 0xFF, 0x00, 0xFF, 0xFF, 0x00, 0xFF, 0xFF, 0x00, 0xFF, 0xFF, 0x00,
};
